N°,Titre,Site associé,Visible sur le site,frequence,État,Visible sur le site,Description
1,10'' RUN RIDE 100 BLANCHE,btwin,oui,mois,actif,oui,Conçu pour apprendre l'équilibre à vélo pour les enfants de 2 à 4 ans (85 cm à 100 cm).
2,10'' RUN RIDE 500 BLEU ET ROSE,btwin,oui,mois,actif,oui,Conçu pour apprendre l'équilibre à vélo pour les enfants de 2 à 4 ans (85 cm à 100 cm).
7,10'' RUN RIDE 500 BLEU VERT,btwin,oui,mois,actif,oui,Conçu pour apprendre l'équilibre à vélo pour les enfants de 2 à 4 ans (85 cm à 100 cm).
4,10'' RUN RIDE 500 ORANGE,btwin,oui,mois,actif,oui,Conçu pour apprendre l'équilibre à vélo pour les enfants de 2 à 4 ans (85 cm à 100 cm).
3,10'' RUN RIDE 520 CRUISER SILVER,btwin,oui,mois,actif,oui,Conçu pour apprendre l'équilibre à vélo pour les enfants de 2 à 4 ans (85 cm à 100 cm).
6,10'' RUN RIDE 520 NOIR JAUNE VTT,btwin,oui,mois,actif,oui,Conçu pour apprendre l'équilibre à vélo pour les enfants de 2 à 4 ans (85 cm à 100 cm).
5,10'' RUN RIDE 520 CRUISER NOIR,btwin,oui,mois,actif,oui,Conçu pour apprendre l'équilibre à vélo pour les enfants de 2 à 4 ans (85 cm à 100 cm).
8,10'' RUN RIDE 520 MTB ROUGE,btwin,oui,mois,actif,oui,Conçu pour apprendre l'équilibre à vélo pour les enfants de 2 à 4 ans (85 cm à 100 cm).
9,10'' RUN RIDE 900,btwin,oui,mois,actif,oui,Conçu pour apprendre l'équilibre à vélo pour les enfants de 2 à 4 ans (85 cm à 100 cm).
10,14'' 3-5 ANS 100 ARCTIC,btwin,oui,mois,actif,oui,Conçu pour apprendre à faire du vélo pour les enfants de 3-5 ans (90 à 105 cm).
12,14'' 3-5 ANS 500 DINOSAURE,btwin,oui,mois,actif,oui,Conçu pour apprendre à faire du vélo pour les enfants de 3-5 ans (90 à 105 cm).
15,14'' 3-5 ANS 500 MONSTERS,btwin,oui,mois,actif,oui,Conçu pour apprendre à faire du vélo pour les enfants de 3-5 ans (90 à 105 cm).
14,14'' 3-5 ANS 500 OCEAN,btwin,oui,mois,actif,oui,Conçu pour apprendre à faire du vélo pour les enfants de 3-5 ans (90 à 105 cm).
13,14'' 3-5 ANS 500 ROBOT,btwin,oui,mois,actif,oui,Conçu pour apprendre à faire du vélo pour les enfants de 3-5 ans (90 à 105 cm).
11,14'' 3-5 ANS 500 UNICORN,btwin,oui,mois,actif,oui,Conçu pour apprendre à faire du vélo pour les enfants de 3-5 ans (90 à 105 cm).
16,16'' 4-6 ANS 100 INUIT,btwin,oui,mois,actif,oui,Conçu pour les premières balades à 2 roues pour les enfants de 4 à 6 ans (1m05 à 1m20).
23,16'' 4-6 ANS 500 ASTRONAUT,btwin,oui,mois,actif,oui,Conçu pour les premières balades à 2 roues pour les enfants de 4 à 6 ans environ (1m05 à 1m20).
20,16'' 4-6 ANS 500 BLUE PRINCESS,btwin,oui,mois,actif,oui,Conçu pour les premières balades à 2 roues pour les petites filles de 4 à 6 ans environ (1m05 à 1m20).
17,16'' 4-6 ANS 500 DARK HERO,btwin,oui,mois,actif,oui,Conçu pour les premières balades à 2 roues pour les enfants de 4 à 6 ans environ (1m05 à 1m20).
19,16'' 4-6 ANS 500 DOCTO GIRL,btwin,oui,mois,actif,oui,Conçu pour les premières balades à 2 roues pour les enfants de 4 à 6 ans environ (1m05 à 1m20).
18,16'' 4-6 ANS 500 ROBOT,btwin,oui,mois,actif,oui,Conçu pour les premières balades à 2 roues pour les enfants de 4 à 6 ans environ (1m05 à 1m20).
21,16'' 4-6 ANS 500 SPY HERO GIRL,btwin,oui,mois,actif,oui,Conçu pour les premières balades à 2 roues pour les enfants de 4 à 6 ans environ (1m05 à 1m20).
22,16'' 4-6 ANS 900 WILD DINO,btwin,oui,mois,actif,oui,Conçu pour les premières balades à 2 roues pour les enfants de 4 ans à 6 ans (1m05 à 1m20).
52,VILLE 20'' 6-8 ANS MISTIGIRL 540,btwin,oui,mois,actif,oui,Conçu pour les balades pour les enfants de 6 à 8 ans (120 à 135 cm).
51,VILLE 20'' 6-8 ANS RACINGBOY 540,btwin,oui,mois,actif,oui,Conçu pour les enfants de 6 à 8 ans (120 à 135 cm) qui veulent un vélo tout équipé sportif.
49,VILLE 24'' 8-12 ANS POPLY 540,btwin,oui,mois,actif,oui,Conçu pour une utilisation quotidienne sur route comme sur chemin pour les enfants de 8 à 12 ans (135 à 155 cm).
50,VILLE 24'' 8-12 ANS ROCKRIDER 540,btwin,oui,mois,actif,oui,Conçu pour une utilisation quotidienne sur route comme sur chemin pour les enfants de 8 à 12 ans (135 à 155 cm).
35,20'' 6-8 ANS MISTIGIRL 300 SINGLE BLANC,btwin,oui,mois,actif,oui,Conçu pour les enfants de 6 à 8 ans (1m20 à 1m35).
42,VTC 20'' 6-8 ANS ORIGINAL 100,btwin,oui,mois,actif,oui,Conçu pour  les enfants de 6 à 8 ans (120 à 135 cm) souhaitant faire du vélo tout chemin.
44,VTC 20'' 6-8 ANS ORIGINAL 120,btwin,oui,mois,actif,oui,Conçu pour  les enfants de 6 à 8 ans (120 à 135 cm) souhaitant faire du vélo tout chemin.
40,20'' 6-8 ANS MISTIGIRL 320 CE,btwin,oui,mois,actif,oui,Conçu pour les balades pour les enfants de 6 à 8 ans (1m20 à 1m35).
37,20'' 6-8 ANS MISTIGIRL 320 NOIR/ROSE,btwin,oui,mois,actif,oui,Conçu pour les enfants de 6 à 8 ans (1m20 à 1m35).
43,VTC 24'' 8-12 ANS ORIGINAL 100,btwin,oui,mois,actif,oui,Conçu pour pour les enfants de 8 à 12 ans (135 à 155 cm) souhaitant faire du vélo tout chemin.
36,24'' 8-12 ANS POPLY 300 BLANC,btwin,oui,mois,actif,oui,Conçu pour les balades pour les enfants de 8 à 12 ans (1m35 à 1m55).
38,20'' 6-8 ANS MISTIGIRL 500 ROSE,btwin,oui,mois,actif,oui,Conçu pour les balades pour les enfants de 6 à 8 ans (1m20 à 1m35).
45,VTC 20'' 6-8 ANS HYC 500 ORIGINAL,btwin,oui,mois,actif,oui,Conçu pour  les enfants de 6 à 8 ans (120 à 135 cm) souhaitant faire du vélo tout chemin.
47,VTC 20'' 6-8 ANS ORIGINAL 500S,btwin,oui,mois,actif,oui,Conçu pour  les enfants de 6 à 8 ans (120 à 135 cm) souhaitant faire du vélo tout chemin.
41,24'' 8-12 ANS POPLY 500 CREAM,btwin,oui,mois,actif,oui,Conçu pour les balades pour les enfants de 8 à 12 ans (135 à 155 cm).
39,24'' 8-12 ANS POPLY 500 NOIR,btwin,oui,mois,actif,oui,Conçu pour les balades pour les enfants de 8 à 12 ans (135 à 155 cm).
46,VTC 24'' 8-12 ANS ORIGINAL 500,btwin,oui,mois,actif,oui,Conçu pour les balades pour les enfants de 8 à 12 ans (135 à 155 cm).
48,VTC 24'' 8-12 ANS ORIGINAL 500S,btwin,oui,mois,actif,oui,Conçu pour les balades pour les enfants de 8 à 12 ans (135 à 155 cm).
24,VTT 20'' 6-8 ANS RACING BOY 300,btwin,oui,mois,actif,oui,Conçu pour les balades pour les enfants de 6 à 8 ans (1m20 à 1m35).
30,VTT 20'' 6-8 ANS RACINGBOY 320 BLEU,btwin,oui,mois,actif,oui,Conçu pour les balades pour les enfants de 6 à 8 ans (120 à 135 cm).
26,VTT 20'' 6-8 ANS RACINGBOY 320 ROUGE,btwin,oui,mois,actif,oui,Conçu pour les balades pour les enfants de 6 à 8 ans (120 à 135 cm).
25,VTT 24'' 8-12 ANS ROCKRIDER 100,btwin,oui,mois,actif,oui,Conçu pour démarrer le VTT pour les enfants à partir de 8 ans (de 1m35 à 1m55).
31,VTT 20'' 6-8 ANS RACING 500 GRIS,btwin,oui,mois,actif,oui,Conçu pour les sorties sportives pour les enfants de 6 à 8 ans (1m20 à 1m35).
27,VTT 20'' 6-8 ANS RACINGBOY 500 N/V,btwin,oui,mois,actif,oui,Conçu pour les sorties sportives pour les enfants de 6 à 8 ans (1m20 à 1m35).
29,VTT 24'' 8-12 ANS ROCKRIDER 500,btwin,oui,mois,actif,oui,Conçu pour les enfants à partir de 8 ans (de 1m35 à 1m55) qui pratiquent le VTT.
33,VTT 24'' 8-12 ANS ROCKRIDER 500 J ,btwin,oui,mois,actif,oui,Conçu pour les enfants à partir de 8 ans (135 à 155 cm) qui pratiquent le VTT.
28,VTT 24'' 8-12 ANS ROCKRIDER 500 ORANGE,btwin,oui,mois,actif,oui,Conçu pour les enfants à partir de 8 ans (135 à 155 cm) qui pratiquent le VTT.
32,VTT 20'' 6-8 ANS WYLDEE BLEU,btwin,oui,mois,actif,oui,Conçu pour les balades pour les enfants de 6 à 8 ans (1m20 à 1m35).
34,VTT 24'' 8-12 ANS ROCKRIDER 700,btwin,oui,mois,actif,oui,Conçu pour la pratique du VTT pour les enfants à partir de 8 ans (de 1m35 à 1m55).
53,ROUTE 26'' 8-12  ANS TRIBAN 100,btwin,oui,mois,actif,oui,Conçu pour les enfants à partir de 8 ans (de 1m35 à 1m55) qui pratiquent le vélo route.
54,BMX WIPE 8-12 ANS 300 GRIS,btwin,oui,mois,actif,oui,"Conçu pour l'initiation au BMX dans la rue, sur des modules urbains et terrain vague pour jeunes riders (8 à 12 ans / 1m25 à 1m45)"
56,BMX WIPE 8-12 ANS 320 BLEU,btwin,oui,mois,actif,oui,"Conçu pour l'initiation au BMX dans la rue, sur des modules urbains et terrain vague pour jeunes riders (8 à 12 ans / 1m25 à 1m45)"
55,BMX WIPE 8-12 ANS 320 ROUGE,btwin,oui,mois,actif,oui,"Conçu pour l'initiation au BMX dans la rue, sur des modules urbains et terrain vague pour jeunes riders (8 à 12 ans / 1m25 à 1m45)"
