N°;Nom;Etat;Site associé;Visible sur le site;Description
1;Four pyrolyse ELECTROLUX EEC2409BOX;Actif;boulangerpro;Oui;Four pyrolyse ELECTROLUX EEC2409BOX
2;Disque WESTERN DIGITAL 4To My Cloud Home Duo;Actif;boulangerpro;Oui;Disque WESTERN DIGITAL 4To My Cloud Home Duo
3;Réfrigérateur 2 portes Vent BEKO RDSE450K20S;Actif;boulangerpro;Oui;Réfrigérateur 2 portes Vent BEKO RDSE450K20S
4;Hotte décorative ELICA STRIPE BL/A/60/LX;Actif;boulangerpro;Oui;Hotte décorative ELICA STRIPE BL/A/60/LX
5;Hotte décorative BOSCH DWB96IM50;Actif;boulangerpro;Oui;Hotte décorative BOSCH DWB96IM50
6;Micro-ondes encastrable HOTPOINT MN613IX HA;Actif;boulangerpro;Oui;Micro-ondes encastrable HOTPOINT MN613IX HA
7;Ecran LG 34WK500;Actif;boulangerpro;Oui;Ecran LG 34WK500
8;Micro-ondes encastrable SIEMENS BF555LMW0;Actif;boulangerpro;Oui;Micro-ondes encastrable SIEMENS BF555LMW0
9;Centrale vapeur LAURASTAR LIFT Plus Pinky Pop;Actif;boulangerpro;Oui;Une nouvelle façon de repasser
10;Tablette HUAWEI M5 10.8'' 32Go;Actif;boulangerpro;Oui;Tablette HUAWEI M5 10.8'' 32Go
11;Hotte décorative BOSCH DWQ96DM50;Actif;boulangerpro;Oui;Hotte décorative BOSCH DWQ96DM50
12;Aspirateur traineau MIELE Blizzard CX1 Comfort Ecoline;Actif;boulangerpro;Oui;Aspirateur traineau MIELE Blizzard CX1 Comfort Ecoline
13;Hotte décorative DE DIETRICH DHR7941B;Actif;boulangerpro;Oui;Hotte décorative DE DIETRICH DHR7941B
14;Hotte décorative DE DIETRICH DHR7941X;Actif;boulangerpro;Oui;Hotte décorative DE DIETRICH DHR7941X
15;Montre connectée sport SUUNTO SPARTAN SPORT WRIST HR ALL NOIRE;Actif;boulangerpro;Oui;Montre connectée sport SUUNTO SPARTAN SPORT WRIST HR ALL NOIRE
16;Tablette IPAD Pro 12.9 256Go Argent 2017;Actif;boulangerpro;Oui;Tablette IPAD Pro 12.9 256Go Argent 2017
17;Portable ASUS TUF705GD-EW081T;Actif;boulangerpro;Oui;Portable ASUS TUF705GD-EW081T
18;Expresso broyeur KRUPS Barista YY4195FD;Actif;boulangerpro;Oui;Expresso broyeur KRUPS Barista YY4195FD
19;Table cuisson gaz ASKO HG1935AB;Actif;boulangerpro;Oui;Table cuisson gaz ASKO HG1935AB
20;Ordinateur ACER Predator PO9-900-024;Actif;boulangerpro;Oui;Ordinateur ACER Predator PO9-900-024
21;Four pyrolyse BEKO BIET21300XP;Actif;boulangerpro;Oui;Four pyrolyse BEKO BIET21300XP
22;Lave linge hublot LG F74J53WH;Actif;boulangerpro;Oui;Moteur induction direct sans courroie : silencieux et robuste!
23;Console SONY PS4 1To Crash Team Racing + 2ème Manette;Actif;boulangerpro;Oui;Console SONY PS4 1To Crash Team Racing + 2ème Manette
24;Hotte FABER STEELMAX 800 NOIR/INOX;Actif;boulangerpro;Oui;Hotte FABER STEELMAX 800 NOIR/INOX
25;Epilateur BRAUN IPL PL5124;Actif;boulangerpro;Oui;Epilateur BRAUN IPL PL5124
26;Expresso broyeur MELITTA Purista Argent F230-101;Actif;boulangerpro;Oui;Expresso broyeur MELITTA Purista Argent F230-101
27;Micro-ondes encastrable SAUTER SMS4340X;Actif;boulangerpro;Oui;Micro-ondes encastrable SAUTER SMS4340X
28;Vidéoprojecteur KODAK Luma 350;Actif;boulangerpro;Oui;Vidéoprojecteur KODAK Luma 350
29;Hotte décorative DE DIETRICH DHR7941W;Actif;boulangerpro;Oui;Hotte décorative DE DIETRICH DHR7941W
30;Table cuisson gaz ELECTROLUX EGH6349GOX;Actif;boulangerpro;Oui;Table cuisson gaz ELECTROLUX EGH6349GOX
31;Four BOSCH HBA553BR0;Actif;boulangerpro;Oui;Four BOSCH HBA553BR0
32;Aspirateur traineau Balai DYSON V8 Parquet;Actif;boulangerpro;Oui;Aspirateur traineau Balai DYSON V8 Parquet
33;Micro-ondes grill WHIRLPOOL W6MD440BSS W COLLECTION;Actif;boulangerpro;Oui;Micro-ondes grill WHIRLPOOL W6MD440BSS W COLLECTION
34;Ordinateur ASUS V222UAK-WA125T;Actif;boulangerpro;Oui;Ordinateur ASUS V222UAK-WA125T
35;Piano cuisson ESSENTIELB EMCG 916n;Actif;boulangerpro;Oui;Piano cuisson ESSENTIELB EMCG 916n
36;Piano cuisson ESSENTIELB EMCG 916i;Actif;boulangerpro;Oui;Piano cuisson ESSENTIELB EMCG 916i
37;Piano cuisson ESSENTIELB EMCG 916r;Actif;boulangerpro;Oui;Piano cuisson ESSENTIELB EMCG 916r
38;Portable ASUS S530UA-BQ095T;Actif;boulangerpro;Oui;Portable ASUS S530UA-BQ095T
39;Table Mixte AEG HD634170NB;Actif;boulangerpro;Oui;Table Mixte AEG HD634170NB
40;Ordinateur ASUS V241FAK-WA076T;Actif;boulangerpro;Oui;Ordinateur ASUS V241FAK-WA076T
41;Expresso broyeur JURA D4 Platine Pianoblack;Actif;boulangerpro;Oui;Expresso broyeur JURA D4 Platine Pianoblack
42;Sèche-linge hublot MIELE TDB 230 WP;Actif;boulangerpro;Oui;Eclairage Power LED du tambour pour une meilleur visibilité!
43;Expresso broyeur KRUPS EVIDENCE PLUS TITANE ET POT A LAIT INOX;Actif;boulangerpro;Oui;Expresso broyeur KRUPS EVIDENCE PLUS TITANE ET POT A LAIT INOX
44;Combiné HAIER A3FE737CMJ;Actif;boulangerpro;Oui;Combiné HAIER A3FE737CMJ
45;Reflex NIKON D5600 + 18-140mm VR;Actif;boulangerpro;Oui;NIKON D5600 + AF-S DX 18-140 f/3.5-5.6G ED VR GARANTI 3 ans
46;Portable ASUS Vivobook S712FA-AU167T;Actif;boulangerpro;Oui;Portable ASUS Vivobook S712FA-AU167T
47;Réfrigérateur multi-portes DAEWOO RFN-L475B0S;Actif;boulangerpro;Oui;Froid total No-frost
48;Portable SAMSUNG Galaxy Book 12.0 i5 4Go 128Go;Actif;boulangerpro;Oui;Portable SAMSUNG Galaxy Book 12.0 i5 4Go 128Go
49;Expresso broyeur JURA E8 PianoWhite;Actif;boulangerpro;Oui;Expresso broyeur JURA E8 PianoWhite
50;TV SONY KD65XG7096;Actif;boulangerpro;Oui;TV SONY KD65XG7096
51;Combiné Intég LIEBHERR SICN3386;Actif;boulangerpro;Oui;Combiné Intég LIEBHERR SICN3386
52;Ordinateur ASUS G12-FR068T;Actif;boulangerpro;Oui;Ordinateur ASUS G12-FR068T
53;Ordinateur ASUS GS10CS-FR285T;Actif;boulangerpro;Oui;Ordinateur ASUS GS10CS-FR285T
54;Ordinateur ASUS GS10CS-FR282T;Actif;boulangerpro;Oui;Ordinateur ASUS GS10CS-FR282T
55;Micro-ondes four KITCHENAID KMQCXB45600;Actif;boulangerpro;Oui;Micro-ondes four KITCHENAID KMQCXB45600
56;Four pyrolyse KITCHENAID KOASPB60600;Actif;boulangerpro;Oui;Four pyrolyse KITCHENAID KOASPB60600
57;Ordinateur ASUS GS10CS-FR242T;Actif;boulangerpro;Oui;Ordinateur ASUS GS10CS-FR242T
58;Piano cuisson SMEG C92IPBL9;Actif;boulangerpro;Oui;Piano cuisson SMEG C92IPBL9
59;Table cuisson gaz ASKO HG1145AB;Actif;boulangerpro;Oui;Table cuisson gaz ASKO HG1145AB
60;Ordinateur ASUS G21CX-FR008T;Actif;boulangerpro;Oui;Ordinateur ASUS G21CX-FR008T
61;Ordinateur ASUS G21CX-FR021T;Actif;boulangerpro;Oui;Ordinateur ASUS G21CX-FR021T
62;Ordinateur ASUS G12CX-FR054T;Actif;boulangerpro;Oui;Ordinateur ASUS G12CX-FR054T