"N°";"Nom";"Etat";"Site associé";"Visible sur le site";"Description"
1;"Pousse-seringue automatique Gima";"actif";"hexamed";"Oui";"<p style=""text-align:justify;"">Le <strong>pousse-seringue automatique Gima</strong> est un dispositif médical léger et compact qui permet de mettre en place facilement la seringue grâce à une glissière à fixation dans le but d’administrer des petites quantités de produits thérapeutique à un patient.</p>
<p style=""text-align:justify;"">Son écran LCD offre au professionnel de santé une bonne visibilité des différentes informations affichées et son utilisation ainsi que le réglage des paramètres sont d'une extrême simplicité.</p>
<p style=""text-align:justify;"">Le <strong>pousse-seringue automatique Gima</strong> est doté de plusieurs fonctions. En effet, il est possible de programmer le dosage, ce qui va automatiquement calculer le volume injecté et la liquéfaction en fonction du poids du patient.</p>
<p style=""text-align:justify;"">Aussi, il est muni d’une fonction anti-obstruction veineuse (KVO) qui va empêcher tout risque d'obstruction des vaisseaux due à la coagulation sanguine, en convertissant automatiquement à 0,1 ml / h le débit lorsque la valeur préalablement réglée est atteinte. Il existe également la possibilité de régler la plage d'erreur d'occlusion, c’est-à-dire de régler le niveau de pression de l'occlusion sur High (Élevé), Medium (Normal) et Low (Bas) en fonction de l'âge du patient.</p>
<p style=""text-align:justify;"">Plusieurs autres fonctions spéciales y sont intégrées telles que le verrouillage des touches, le stockage des données, la répétition de l’alarme, le niveau d’occlusion, un rappel des paramètres, etc.</p>
<p style=""text-align:justify;"">Enfin, une fonction de notification et d'alarme permet de signaler les erreurs et les situations d'urgence via un témoin à LED lumineux ainsi qu’un signal sonore.</p>
<p style=""text-align:justify;"">Cet appareil est compatible avec 5 grandes marques de seringues. Il suffit de le paramétrer en choisissant l’un des fabricants suivants : BD (Plastipak, Precise), TERUMO, RAYS, PENTAFERTE et KOVA.</p>
<p style=""text-align:justify;"">Le <strong>pousse-seringue automatique Gima</strong> peut être étalonné avec des seringues de différentes contenances soit : 10, 20, 30 ou 50 ml.</p>
<p style=""text-align:justify;""><br /><span style=""text-decoration:underline;"">Spécificités :</span></p>
<p style=""text-align:justify;"">- Débit rapide (purge)</p>
<p style=""text-align:justify;"">- Fonctions d'alarme : Occlusion, KVO (perfusion terminée), indication de batterie faible, dysfonctionnement de l'appareil, loquet du levier ou curseur débrayé, seringue désengagée, etc.</p>
<p style=""text-align:justify;"">- Classe 1, appareil source interne, type CF</p>
<p style=""text-align:justify;"">- Niveau de résistance à l'eau IPX2</p>
<p style=""text-align:justify;"">- Autonomie de 5 heures à (5 ml / h).</p>
<p style=""text-align:justify;"">- Manuel utilisateur en anglais</p>
<p style=""text-align:justify;""><br /><span style=""text-decoration:underline;"">Conditionnement :</span> à l’unité.</p>"
2;"Holter tensionnel Suntech Oscar 2 M250";"actif";"hexamed";"Oui";"<p style=""text-align:justify;"">Considéré par les experts du monde entier comme une référence exceptionnelle, les appareils de type <strong>MAPA</strong> (Mesure Ambulatoire de la Pression Artérielle) fournissent des informations de valeur sur la variabilité de la pression artérielle, sur l’apnée nocturne et sur l’hypertension du matin.</p>
<p style=""text-align:justify;""><span style=""line-height:1.5em;""><strong>Oscar2 M250</strong>, le système MAPA de SunTech, est une solution <strong>fiable et économique.</strong></span></p>
<p><strong> </strong></p>
<p><span style=""text-decoration:underline;"">Exactitude et fiabilité assurées :</span></p>
<p>Oscar 2TM est le seul MAPA cliniquement validé conformément aux protocoles des trois normes internationalement reconnues* :</p>
<p>- BHS (A/A)</p>
<p>- Protocole international ESH</p>
<p>- AAMI SP10</p>
<p> </p>
<p><span style=""text-decoration:underline;"">Paramétrage et utilisation simplifiés :</span></p>
<p>- Programmation intuitive pour l’utilisateur grâce au logiciel AccuWin ProTM V4 pour Windows® téléchargeable sur internet grâce au n° de série de votre holter.</p>
<p>- Installation rapide sur le patient, sans électrodes ni microphones</p>
<p>- Trois périodes d’enregistrement réglables pour une étude personnalisée du patient</p>
<p> </p>
<p><span style=""text-decoration:underline;"">Conçu pour le confort et l’adaptation à chaque patient :</span></p>
<p>- Conception légère et compacte,</p>
<p>- L’algorithme spécifique de calcul développé par SunTech supporte les mouvements des patients, réduit les risques de répétition, de surgonflage et d’erreurs de mesures</p>
<p>- Mesure intelligente du gonflage réduisant le temps de mesure</p>
<p>- Pompe silencieuse</p>
<p> </p>
<p><span style=""text-decoration:underline;"">Plusieurs options innovantes :</span></p>
<p><span style=""color:#333333;"">Le holter tensionnel Oscar 2 M250 est disponible, sur demande : </span></p>
<p><span style=""color:#333333;"">- en <strong>version bluetooth</strong> pour connexion sans fil </span></p>
<p><span style=""color:#333333;"">- avec l'<strong>option Sphygmocor pour mesure de la pression centrale</strong> </span></p>
<p> </p>
<p><em>Garantie : 2 ans.</em></p>"
3;"Jeu de 10 adaptateurs à pinces + fiche banane pour électrode ECG à pression";"actif";"hexamed";"Oui";"<p><strong>Adaptateurs à pinces</strong> +<strong> fiche banane pour électrode à pression</strong>.</p>
<p> </p>
<p><span style=""text-decoration:underline;"">Conditionnement :</span> 1 lot de 10 adaptateurs.</p>"
4;"Base de données OtoAccess Interacoustics";"actif";"hexamed";"Oui";"<p><strong>OtoAccess</strong> est une <strong>base de données conviviale</strong> pour le<strong> stockage des données audiologiques et des informations clients</strong> dans les cliniques ORL privées et publiques.</p>
<p>Elle peut aussi bien être installée sur PC en tant que base de données autonome qu'utilisée sur des réseaux de clients utilisant le même serveur SQL.</p>
<p> </p>
<p><span style=""text-decoration:underline;"">Spécificités :</span></p>
<p>- Gestion extrêmement rapide des données</p>
<p>- Stockage illimité de dossiers patients</p>
<p>- Intègre plusieurs procédures de diagnostic</p>
<p>- Gestion quotidienne des informations par le menu déroulant</p>
<p>- Capacités d'importation et d'exportation</p>
<p>- Impression de rapport et documents EMR</p>
<p>- Conforme HIPAA</p>
<p>- Base de données express pour serveur Microsoft SQL, pour le stockage d'informations audiométriques</p>
<p>- Fonction journal pour la gestion quotidienne des listes</p>
<p>- 3 fonctionnements possibles : autonome, réseau client, réseau sur serveur SQL</p>
<p>- Transfert des données possible depuis toutes les versions laBase vers OtoAccess</p>
<p> </p>
<p><span style=""text-decoration:underline;"">Configuration PC minimum requise:</span></p>
<p>- Processeur de 800 MHz Pentium III ou plus</p>
<p>- 128 MB RAM ou plus (Windows® XP nécessite 128 MB RAM)</p>
<p>- Disque dur avec 50MB libres pour l’installation du logiciel et au moins 44 MB pour son exploitation</p>
<p>- Résolution d’écran minimum de 102c768 pixels avec couleur 16 bits ou plus</p>
<p>- Au moins un port USB, version 1.1 ou supérieure</p>
<p>- Port série RS232</p>
<p>- Carte réseau LAN (pour une connexion à la base de données par le réseau)</p>
<p>- Lecteur CD-ROM (pour l’installation et la sauvegarde de CD)</p>
<p> </p>
<p><span style=""text-decoration:underline;"">Accessoires inclus:</span></p>
<p>Base de données OtoAccess</p>
<p>Mode d'emploi sur CD</p>
<p> </p>"
5;"Electrocardiographe ECG numérique Schiller MS12 Blue avec logiciel informatique (compatible PC) - Sans option interprétation";"actif";"hexamed";"Oui";"<p style=""text-align:justify;"">Grâce à l’intégration de technologies dernier cri, la société suisse Schiller a su développer cet <strong>ECG numérique Schiller MS12 Blue (compatible PC</strong><strong>)</strong> dans le but d’offrir aux cardiologues un confort et une autonomie supplémentaire durant leurs opérations de mesures ECG.</p>
<p style=""text-align:justify;""><span style=""line-height:1.5em;"">Ainsi, le souci majeur du fabricant a été de proposer un <strong>format </strong>plus <strong>compact</strong> et doté d’une <strong>ergonomie améliorée</strong> pour faciliter la prise en main de l’appareil par les professionnels de la cardiologie.</span></p>
<p style=""text-align:justify;""><span style=""line-height:1.5em;"">L’utilisation de la<strong> technologie Bluetooth</strong> (qui impacte la suppression des différents fils de connexion avec le moniteur) associée à la légèreté de ses câbles d’électrodes permet à l’ </span><strong style=""line-height:1.5em;"">ECG numérique Schiller MS12 Blue (compatible PC)</strong><span style=""line-height:1.5em;""> de bénéficier d’un poids plume de l’ordre de 115 grammes.</span></p>
<p style=""text-align:justify;""><span style=""line-height:1.5em;"">De plus, l’écran OLED de forte luminescence intégré à l’</span><strong style=""line-height:1.5em;""> ECG numérique Schiller MS12 Blue (compatible PC) </strong><span style=""line-height:1.5em;"">apporte une <strong>clarté et un confort optimal de lecture des données</strong> directement sur l’appareil (l’utilisation de la technologie OLED entraine également la réduction de la taille du boitier par rapport à un écran LED classique).</span></p>
<p style=""text-align:justify;""><span style=""line-height:1.5em;"">Le cardiologue pourra contrôler avant chaque examen et directement sur le boitier le niveau de charge du dispositif ainsi que le bon fonctionnement des électrodes afin de s’assurer du bon déroulement des opérations.</span></p>
<p style=""text-align:justify;""><span style=""line-height:1.5em;"">Cet </span><strong style=""line-height:1.5em;"">ECG numérique Schiller MS12 Blue </strong><span style=""line-height:1.5em;"">fonctionne donc avec les systèmes PC (<em>ECG non compatible MAC</em>).</span></p>
<p style=""text-align:justify;""><span style=""line-height:1.5em;"">Outre son design compact et léger, l’</span><strong style=""line-height:1.5em;"">électrocardiographe </strong><span style=""line-height:1.5em;"">bénéficie d’une <strong>batterie basse consommation</strong> d’une autonomie de 36h, pouvant aller jusqu'à une semaine avec la configuration la plus économique de l’appareil (via le mode « économie d’énergie »).</span></p>
<p style=""text-align:justify;""><span style=""line-height:1.5em;"">Garanti 3 ans, cet </span><strong style=""line-height:1.5em;"">électrocardiographe<strong style=""line-height:1.5em;""></strong> numérique Schiller MS12 Blue</strong><span style=""line-height:1.5em;""><strong> </strong>accompagnera efficacement les professionnels de la cardiologie durant leurs opérations de mesures, qu’elles soient effectuées au sein d’un cabinet ou directement aux domiciles des patients.</span></p>
<p style=""text-align:justify;""> </p>
<p style=""text-align:justify;""><span style=""color:#ff0000;""><em>Configuration minimum nécessaire pour le logiciel sur PC : ""Windows Seven""</em></span></p>"
6;"Electrocardiographe ECG numérique Schiller MS12 Blue avec logiciel informatique (compatible PC) - Avec option interprétation";"actif";"hexamed";"Oui";"<p style=""text-align:justify;"">Grâce à l’intégration de technologies dernier cri, la société suisse Schiller a su développer cet <strong>ECG numérique Schiller MS12 Blue (compatible PC</strong><strong>)</strong> dans le but d’offrir aux cardiologues un confort et une autonomie supplémentaire durant leurs opérations de mesures ECG.</p>
<p style=""text-align:justify;""><span style=""line-height:1.5em;"">Ainsi, le souci majeur du fabricant a été de proposer un <strong>format </strong>plus <strong>compact</strong> et doté d’une <strong>ergonomie améliorée</strong> pour faciliter la prise en main de l’appareil par les professionnels de la cardiologie.</span></p>
<p style=""text-align:justify;""><span style=""line-height:1.5em;"">L’utilisation de la<strong> technologie Bluetooth</strong> (qui impacte la suppression des différents fils de connexion avec le moniteur) associée à la légèreté de ses câbles d’électrodes permet à l’ </span><strong style=""line-height:1.5em;"">ECG numérique Schiller MS12 Blue (compatible PC)</strong><span style=""line-height:1.5em;""> de bénéficier d’un poids plume de l’ordre de 115 grammes.</span></p>
<p style=""text-align:justify;""><span style=""line-height:1.5em;"">De plus, l’écran OLED de forte luminescence intégré à l’</span><strong style=""line-height:1.5em;""> ECG numérique Schiller MS12 Blue (compatible PC) </strong><span style=""line-height:1.5em;"">apporte une <strong>clarté et un confort optimal de lecture des données</strong> directement sur l’appareil (l’utilisation de la technologie OLED entraine également la réduction de la taille du boitier par rapport à un écran LED classique).</span></p>
<p style=""text-align:justify;""><span style=""line-height:1.5em;"">Le cardiologue pourra contrôler avant chaque examen et directement sur le boitier le niveau de charge du dispositif ainsi que le bon fonctionnement des électrodes afin de s’assurer du bon déroulement des opérations.</span></p>
<p style=""text-align:justify;""><span style=""line-height:1.5em;"">Cet </span><strong style=""line-height:1.5em;"">ECG numérique Schiller MS12 Blue </strong><span style=""line-height:1.5em;"">fonctionne donc avec les systèmes PC (<em>ECG non compatible MAC</em>).</span></p>
<p style=""text-align:justify;""><span style=""line-height:1.5em;"">Outre son design compact et léger, l’</span><strong style=""line-height:1.5em;"">électrocardiographe </strong><span style=""line-height:1.5em;"">bénéficie d’une <strong>batterie basse consommation</strong> d’une autonomie de 36h, pouvant aller jusqu'à une semaine avec la configuration la plus économique de l’appareil (via le mode « économie d’énergie »).</span></p>
<p style=""text-align:justify;""><span style=""line-height:1.5em;"">Garanti 3 ans, cet </span><strong style=""line-height:1.5em;"">électrocardiographe<strong style=""line-height:1.5em;""></strong> numérique Schiller MS12 Blue</strong><span style=""line-height:1.5em;""><strong> </strong>accompagnera efficacement les professionnels de la cardiologie durant leurs opérations de mesures, qu’elles soient effectuées au sein d’un cabinet ou directement aux domiciles des patients.</span></p>
<p style=""text-align:justify;""> </p>
<p style=""text-align:justify;""><span style=""color:#ff0000;""><em>Configuration minimum nécessaire pour le logiciel sur PC : ""Windows Seven""</em></span></p>"
7;"Pousse-seringue Mono voie Perfusor Space B.Braun";"actif";"hexamed";"Oui";"<p style=""text-align: justify;"">Le <strong>Perfusor Space</strong> de <strong>B.Braun </strong>est un <strong>pousse seringue électrique transportable avec batterie rechargeable</strong> (type NiMH), permettant la <strong>programmation d'injections continues ou intermittentes</strong>.</p>
<p style=""text-align: justify;"">Les paramètres configurables sont : débit, débit et volume, volume et temps, bolus manuel.</p>
<p style=""text-align: justify;"">L'appareil intègre une fonctionnalité antibolus : réduction automatique du bolus déclenché par l'alarme d'occlusion, et dispose d'un écran LCD rétro-éclairé haute résolution.</p>
<p style=""text-align: justify;"">Le <strong>Perfusor Space</strong> possède une mémoire enregistrant les 1000 évènements les plus récents.</p>
<p style=""text-align: justify;"">Il fonctionne sur secteur ou sur batterie seule. Le temps de charge complet de la batterie est de 6 heures et l'autonomie est de 4 heures à 100 ml/h, 8 heures à 25ml/h.</p>
<p style=""text-align: justify;"">Pour améliorer la sécurité lors de l'utilisation, un frein de piston a été mis en place sur le<strong> Perfusor Space</strong> afin de prévenir tout risque d'écoulement libre lors du remplacement de la seringue.</p>
<p style=""text-align: justify;"">Livré avec un support de fixation.</p>
<p style=""text-align: justify;""><strong><br /></strong></p>
<p><span style=""text-decoration: underline;"">Dimensions :</span> 24.9 x 6.8 x 15.2 cm</p>
<p><span style=""text-decoration: underline;"">Poids :</span> 1.4 Kg</p>
<p> </p>
<p><span style=""text-decoration: underline;"">Seringues compatibles :</span> PerfusorB.Braun, Omnifix, B-D, Terumo, Monoject - Tailles : 2/3, 5, 10, 20, 30, 50, 60 ml.</p>
<p> </p>
<p><em>Dispositif Medical Classe IIB.</em></p>
<p><em>Garantie : 2 ans.</em></p>"
8;"Cardiotocographe / Moniteur foetal gémellaire Edan F3 + VCT - sans sacoche";"actif";"hexamed";"Oui";"<p style=""text-align:center;""><span style=""text-decoration:underline;color:#e22e87;""><span style=""font-size:12pt;""><strong><span style=""text-align:justify;"">Promotion :</span></strong></span></span></p>
<p style=""text-align:center;""><span style=""color:#e22e87;""><span style=""font-size:10pt;""><strong><span style=""text-align:justify;""><strong><span><strong><strong><span>+ <strong><strong><strong><strong>Pack complet avec Edan F3 + VCT + <strong><strong><strong>sacoche de transport <strong> au choix  (selon déclinaison), </strong>avec ou sans roulettes <strong><strong>(garantie 5 ans)</strong></strong></strong></strong></strong></strong></strong></strong></strong></span></strong><strong><strong><strong><br /><strong><strong><strong><strong><strong>Information importante : suite à une rupture exceptionnelle de stock la sacoche sera expédiée sous 2 semaines)</strong></strong></strong></strong></strong></strong></strong></strong><br /></strong></span></strong></span></strong><span style=""text-align:justify;""><em>En cas de panne du produit, nous vous prêtons un cardiotocographe gémellaire le temps de la réparation.</em></span><strong><span style=""text-align:justify;""><br /><br /></span></strong><em><span style=""text-align:justify;""><span style=""font-size:8pt;""><br /></span></span></em></span></span></p>
<p style=""text-align:left;""><br /><br />- Option d’analyse du rythme cardiaque fœtal, le calcul de la variabilité à court terme est utilisée pour la surveillance des retards de croissance intra-utérin (RCIU).</p>
<p style=""text-align:justify;"">- Mesure la durée moyenne entre 2 battements cardiaques fœtaux sur une période prédéfinie (3,75 secondes).</p>
<p style=""text-align:justify;""> </p>
<p style=""text-align:justify;""><span style=""text-decoration:underline;""><strong>Le cardiotocographe gémellaire F3 de chez Edan pour monitoring fœtal :</strong></span></p>
<p style=""text-align:justify;"">Destiné en priorité aux services de natalité et au personnel des sages-femmes, ce monitoring fœtal de marque Edan est un <strong>instrument de précision</strong>. En effet, afin de pallier toute pathologie et complication du fœtus et de la patiente, et notamment en surveillant les contractions utérines, le cardiotocographe F3 assure un <strong>suivi optimal</strong>. Garanti avec des <strong>capteurs de haute sensibilité</strong> de 1MHz dotés de 8 cristaux disposés en étoile, toutes les détections du rythme cardiaque fœtal et de la patiente sont ainsi assurées avec un suivi maximal. C'est alors l'assurance de disposer d'un<strong> outil performant et haut de gamme</strong> pour tous les spécialistes, avec une qualité de fabrication exemplaire avec des composants parfaitement étanches et des connexions renforcées pour plus de <strong>solidité. </strong><span style=""line-height:1.5em;"">Le cardiotocographe gémellaire F3 de marque Edan bénéficie de 2 voies RCF externes ainsi que d'une voie TOCO également externe. C'est ainsi la garantie d'examens et d'un suivi de qualité pour toutes les patientes, avec un </span><strong style=""line-height:1.5em;"">enregistrement des données</strong><span style=""line-height:1.5em;""> d'une autonomie de près de 60h. </span><span style=""line-height:1.5em;"">Efficace et pratique, l'appareil est également compact et léger pour un </span><strong style=""line-height:1.5em;"">transport nomade facilité</strong><span style=""line-height:1.5em;""> et ainsi permettre des examens à domicile. </span><span style=""line-height:1.5em;"">Doté d'un </span><strong style=""line-height:1.5em;"">écran couleur LCD</strong><span style=""line-height:1.5em;""> extrêmement lisible pour une lecture plus sûre, le cardiotocographe gémellaire F3 de marque Edan est un appareil de grande précision, avec une technologie SOV de <strong>détection automatique des signaux croisés</strong>. </span></p>
<p style=""text-align:justify;""><span style=""line-height:1.5em;"">Robuste et solide, l'instrument haut de gamme peut être associé au</span><strong style=""line-height:1.5em;""> logiciel PC MFM-CNS </strong>(en option)<strong style=""line-height:1.5em;""> </strong><span style=""line-height:1.5em;"">pour permettre au praticien d'exporter l</span><span style=""line-height:1.5em;"">es données des séances directement sur PC (via le port USB), pour les lire, les annoter et les enregistrer sous format PDF. </span><span style=""line-height:1.5em;"">Le transfert des données est ainsi possible en temps réel pour des examens pratiques et simples d'accès. De plus, une imprimante thermique est également intégrée à l'appareil pour des impressions rapides sur papier standard.</span><span style=""line-height:1.5em;"">Avec un poids de moins de 4kg et des </span><strong style=""line-height:1.5em;"">dimensions ultra-compactes</strong><span style=""line-height:1.5em;"">, ce cardiotocographe gémellaire F3 Edan est un outil indispensable pour tous les spécialistes et professionnels, pour enregistrer des évènements en temps réel.</span>C'est ainsi le monitoring fœtal idéal avec batterie rechargeable pour des examens et un suivi de qualité, avec des marqueurs d'évènements sonores et visuels pour encore plus de confort d'utilisation.<strong style=""line-height:1.5em;"">Sa compatibilité est ainsi assurée avec toutes les centrales du marché</strong><span style=""line-height:1.5em;"">, pour un échange des donnés idéal en toute sécurité. </span>Doté de nombreux accessoires dont une sacoche de transport, l'appareil est alors pratique pour des soins à domicile.</p>
<p style=""text-align:justify;"">Livré au choix avec sacoche standard ou modèle à roulettes (sac+trolley).</p>
<p style=""text-align:justify;""> </p>
<p><span style=""text-decoration:underline;"">Conseils d'entretien et de transport :</span></p>
<p style=""text-align:justify;"">Pour assurer une vie prolongée au moniteur ainsi qu'à ses accessoires, il est conseillé de suivre les recommandations indiquées par le fabricant dans le manuel utilisateur (joint à cette fiche).Pour rappel, dans l'objectif de conserver les sondes fonctionnelles dans le temps, il est vivement déconseillé de transporter l'appareil avec les sondes encore branchées, l'appui prolongé sur les branchements pouvant entrainer des dommages non couverts par la garantie. Nous vous conseillons donc de débrancher les sondes après chaque examen afin d'éviter un incident qui nécessiterait pour vous l'achat d'une nouvelle sonde. (<em>Voir document joint à la fiche : ""Document informatif - Prolongez la vie de vos capteurs CTG</em>"").</p>
<p> </p>
<p><em>Le cardiotocographe gémellaire F3 est garanti 3 ans.</em></p>"
9;"Cardiotocographe / Moniteur foetal gémellaire Edan F2 + VCT - sans sacoche";"actif";"hexamed";"Oui";"<p style=""text-align:center;""><span style=""text-decoration:underline;color:#e22e87;""><span style=""font-size:12pt;""><strong><span style=""text-align:justify;"">Promotion :</span></strong></span></span></p>
<p style=""text-align:center;""><span style=""color:#e22e87;""><span style=""font-size:10pt;""><strong><span style=""text-align:justify;"">+<span> </span><strong><span><strong><strong><strong>Pack complet avec Edan F2 + VCT + </strong></strong></strong><strong>sacoche de transport <strong> au choix  (selon déclinaison), </strong>avec ou sans roulettes <strong><strong>(garantie 5 ans) <br /><span><span><span><span><span><span><span><span>Information importante :</span><span> suite à une rupture exceptionnelle de stock la sacoche sera expédiée sous 2 semaines)</span></span></span></span></span></span></span></span></strong></strong><br /></strong></span></strong></span></strong><span style=""text-align:justify;""><em>En cas de panne du produit, nous vous prêtons un cardiotocographe gémellaire le temps de la réparation.</em></span><strong><span style=""text-align:justify;""><br /></span></strong><em><span style=""text-align:justify;""><span style=""font-size:8pt;""><br /></span></span></em></span></span></p>
<p><br />- Option d'analyse du rythme cardiaque foetal, le calcul de la variabilité à court terme est utilisée pour la surveillance des retards de croissance intra-utérin (RCIU).</p>
<p>- Mesure la durée moyenne entre 2 battements cardiaques foetaux sur une période prédéfinie (3,75 secondes). </p>
<p> </p>
<p><span style=""text-decoration:underline;""> Le cardiotocographe gémellaire F2 de chez Edan pour monitoring foetal : </span></p>
<p style=""text-align:justify;"">Destiné en priorité aux services de natalité et au personnel des sages-femmes, ce monitoring foetal de marque Edan est un instrument de précision. En effet, afin de pallier toute pathologie et complication du foetus et de la patiente, et notamment en surveillant les contractions utérines, le <strong>cardiotocographe F2</strong> assure un suivi optimal. Garanti avec des capteurs de haute sensibilité de 1MHz dotés de 8 cristaux disposés en étoile, toutes les détections du rythme cardiaque foetal et de la patiente sont ainsi assurées avec un suivi maximal. C'est alors l'assurance de disposer d'un outil performant et haut de gamme pour tous les spécialistes, avec une qualité de fabrication exemplaire avec des composants parfaitement étanches et des connexions renforcées pour plus de solidité. Le <strong>cardiotocographe gémellaire F2</strong> de marque Edan bénéficie de 2 voies RCF externes ainsi que d'une voie TOCO également externe. C'est ainsi la garantie d'examens et d'un suivi de qualité pour toutes les patientes, avec un enregistrement des données d'une autonomie de près de 60h. Efficace et pratique, l'appareil est également compact et léger pour un transport nomade facilité et ainsi permettre des examens à domicile. Doté d'un écran noir et blanc LCD extrêmement lisible pour une lecture plus sûre, le <strong>cardiotocographe gémellaire F2</strong> de marque Edan est un appareil de grande précision, avec une technologie SOV de détection automatique des signaux croisés.</p>
<p style=""text-align:justify;"">Robuste et solide, il est équipé d'une imprimante thermique pour des impressions rapides sur papier standard. Avec un poids de moins de 4kg et des dimensions ultra-compactes, ce cardiotocographe gémellaire F2 Edan est un outil indispensable pour tous les spécialistes et professionnels, pour enregistrer des évènements en temps réel. C'est ainsi le monitoring foetal idéal avec batterie rechargeable pour des examens et un suivi de qualité, avec des marqueurs d'évènements sonores et visuels pour encore plus de confort d'utilisation. Sa compatibilité est ainsi assurée avec toutes les centrales du marché, pour un échange des donnés idéal en toute sécurité. Doté de nombreux accessoires dont une sacoche de transport, l'appareil est alors pratique pour des soins à domicile.</p>
<p style=""text-align:justify;"">Livré au choix avec sacoche standard ou modèle à roulettes (sac+trolley).</p>
<p style=""text-align:justify;""> </p>
<p style=""text-align:justify;""><span style=""text-decoration:underline;"">Conseils d'entretien et de transport :</span></p>
<p style=""text-align:justify;"">Pour assurer une vie prolongée au moniteur ainsi qu'à ses accessoires, il est conseillé de suivre les recommandations indiquées par le fabricant dans le manuel utilisateur (joint à cette fiche). Pour rappel, dans l'objectif de conserver les sondes fonctionnelles dans le temps, il est vivement déconseillé de transporter l'appareil avec les sondes encore branchées, l'appui prolongé sur les branchements pouvant entrainer des dommages non couverts par la garantie. Nous vous conseillons donc de débrancher les sondes après chaque examen afin d'éviter un incident qui nécessiterait pour vous l'achat d'une nouvelle sonde. (<em>Voir document joint à la fiche : ""Document informatif - Prolongez la vie de vos capteurs CTG</em>"").</p>
<p style=""text-align:justify;""> </p>
<p style=""text-align:justify;""><em>Le cardiotocographe gémellaire F3 est garanti 3 ans.</em></p>"
10;"Système Interacoustics OtoRead Dépistage pour dépistage de la surdité du nouveau-né - OtoRead Dépistage avec DPOAE";"actif";"hexamed";"Oui";"<p style=""text-align:justify;""><strong>L’appareil OtoRead Dépistage</strong> de chez Interacoustic est un appareil portatif qui permet de diagnostiquer une éventuelle surdité chez l’adulte, mais aussi chez l’enfant et le nouveau-né.</p>
<p style=""text-align:justify;""><strong>L’appareil OtoRead Dépistage</strong> vous offre la possibilité de faire une évaluation et également un diagnostic auprès de vos patients. Vous disposez de deux type de tests, le DPOAE qui vous permet d’enregistrer les émissions otoacoustiques du produit de distorsion et du test TEAOE qui vous permet d’enregistrer les émissions otoacoustiques évoquée transitoires générées par la cochlée (organe interne sensoriel qui se trouve dans l’oreille).</p>
<p style=""text-align:justify;"">Le petit gabarit de<strong> l’appareil OtoRead Dépistage</strong> de même que son crochet, permet une prise a une seule main, ce qui rend son utilisation simple, pratique et ergonomique. De ce fait, son usage peut être se faire aussi bien en milieu hospitalier que dans un autre endroit où il serait utile comme par exemple dans un cabinet de ville d’un spécialiste de l’ORL, dans un centre spécialisé dans l'audition.</p>
<p style=""text-align:justify;"">La navigation sur cet appareil est rapide et intuitive, puisqu’il possède un clavier composé de petites flèches permettant d’accéder au menu et de choisir les options qui vous conviennent le mieux en fonction de votre patientèle. <strong>L’appareil OtoRead Dépistage</strong> vous promet un résultat fiable en quelques secondes. Pour que vous soyez sûr du bon placement de la sonde, l’écran affiche les annotations suivantes : « Réussite » ou « Echec ». Vous pouvez ensuite procéder aux tests de dépistage.</p>"
11;"Système Interacoustics OtoRead Dépistage pour dépistage de la surdité du nouveau-né - OtoRead Dépistage avec DPOEA et imprimante";"actif";"hexamed";"Oui";"<p style=""text-align:justify;""><strong>L’appareil OtoRead Dépistage</strong> de chez Interacoustic est un appareil portatif qui permet de diagnostiquer une éventuelle surdité chez l’adulte, mais aussi chez l’enfant et le nouveau-né.</p>
<p style=""text-align:justify;""><strong>L’appareil OtoRead Dépistage</strong> vous offre la possibilité de faire une évaluation et également un diagnostic auprès de vos patients. Vous disposez de deux type de tests, le DPOAE qui vous permet d’enregistrer les émissions otoacoustiques du produit de distorsion et du test TEAOE qui vous permet d’enregistrer les émissions otoacoustiques évoquée transitoires générées par la cochlée (organe interne sensoriel qui se trouve dans l’oreille).</p>
<p style=""text-align:justify;"">Le petit gabarit de<strong> l’appareil OtoRead Dépistage</strong> de même que son crochet, permet une prise a une seule main, ce qui rend son utilisation simple, pratique et ergonomique. De ce fait, son usage peut être se faire aussi bien en milieu hospitalier que dans un autre endroit où il serait utile comme par exemple dans un cabinet de ville d’un spécialiste de l’ORL, dans un centre spécialisé dans l'audition.</p>
<p style=""text-align:justify;"">La navigation sur cet appareil est rapide et intuitive, puisqu’il possède un clavier composé de petites flèches permettant d’accéder au menu et de choisir les options qui vous conviennent le mieux en fonction de votre patientèle. <strong>L’appareil OtoRead Dépistage</strong> vous promet un résultat fiable en quelques secondes. Pour que vous soyez sûr du bon placement de la sonde, l’écran affiche les annotations suivantes : « Réussite » ou « Echec ». Vous pouvez ensuite procéder aux tests de dépistage.</p>"
12;"Electrocardiographe ECG Cardioline 100L (3/6 pistes) avec interprétation";"actif";"hexamed";"Oui";"<p style=""text-align:justify;"">L’<strong>électrocardiographe Cardioline 100L</strong> est un dispositif de diagnostic complet et portable qui affiche, enregistre et imprime des tracés ECG pour les patients adultes ou enfants, et effectue les mesures.</p>
<p style=""text-align:justify;"">Très simple et pratique à l’utilisation, l’<strong>électrocardiographe Cardioline 100L</strong> se distingue par un écran couleur tactile de 5 pouces, à partir duquel toutes les opérations peuvent être facilement effectuées. Une interface intelligente et intuitive guide l’utilisateur à travers les différentes étapes d’acquisition de l’électrocardiographe.</p>
<p style=""text-align:justify;"">Les messages informatifs ou les messages d’erreur à destination du professionnel de santé s’affichent directement à l’écran (c’est le cas par exemple lorsque le dispositif détecte une défaillance au niveau du câble patient).</p>
<p style=""text-align:justify;"">Le dispositif d’analyse ECG est équipé d’un port USB destiné à l’export des données d’examen enregistrées initialement sur la mémoire interne permettant le stockage d’environ 50 ECG.</p>
<p style=""text-align:justify;"">La fonction d’interprétation avec l’algorithme de Glasgow est un plus pour le praticien médical. Cet algorithme  est reconnu à ce jour comme étant le plus précis. Il prend en compte dans ses analyses les éléments suivants : âge, sexe, prise de médicament, classification. Cette option (ici incluse de façon standard avec l'appareil) fournit une interprétation complète de l’ECG avec notamment la détection de l’infarctus du myocarde infantile, pédiatrique et aiguë.</p>
<p style=""text-align:justify;"">L'ECG propose trois modes d'acquisition : AUTO (3, 3+1, 3+3 ou 6 pistes), manuel (3, 6 ou 12 pistes et choix de la piste du rythme - DII-Long) et STAT (Statim, mode Urgence).</p>
<p style=""text-align:justify;"">L’appareil fonctionne sur batterie <span>(environ 6 heures d'autonomie) </span>ou secteur. Si l’on ajoute à cela le fait qu’il dispose de dimensions extrêmement compactes et d’un poids relativement faible, cela en fait le produit idéal pour les visites à domicile ou les déplacements entre les divers lieux de consultations.</p>
<p style=""text-align:justify;"">Pour simplifier et centraliser la gestion des données recueillies, et pour améliorer la qualité du suivi patient, il est possible d’exporter les données enregistrées à partir de l’ECG (via USB), directement vers le logiciel informatique (PC) nommé « ECGEasyApp » (format initial des rapports : SCP, transformation en format PDF grâce au logiciel PC).</p>
<p style=""text-align:justify;"">L’<strong>électrocardiographe Cardioline 100L</strong> bénéficie de la plus longue garantie proposée sur le marché actuel : 5 années !</p>"
13;"Lecteur de bandelettes urinaires Siemens Clinitek Statut+";"actif";"hexamed";"Oui";"<p style=""text-align:justify;"">Le <strong>lecteur de bandelettes urinaires Siemens Clinitek Statut+</strong> est un outil permettant d'effectuer des analyses d'urines de patients de manière efficace et rapide, puisque l’on obtient un résultat en 45 secondes.</p>
<p style=""text-align:justify;"">En plus de son écran intuitif et tactile, ce lecteur automatique de bandelettes urinaires peut être transportable ce qui est très pratique si l'on souhaite le déplacer entre différents laboratoires ou cabinets.</p>
<p style=""text-align:justify;"">Dès qu'une analyse est effectuée, il est possible d'avoir automatiquement les résultats sous format papier puisque <strong>le lecteur de bandelettes urinaires Siemens Clinitek Statut+</strong> est doté d'une imprimante intégrée.</p>
<p style=""text-align:justify;"">Très simple d'utilisation, il suffit de plonger la bandelette dans l'échantillon d'urine, de la placer sur le tiroir du lecteur et de lancer l'analyse.</p>
<p style=""text-align:justify;"">Dans le cas où le professionnel de santé utiliserait les bandelettes disposant de plages “IR” ou de bandes colorées, une fonction de l’appareil appelé Auto-Checks se met en route et permet de <span>vérifier automatiquement si chaque bandelette réactive a été exposée à l’humidité ou à des conditions éventuelles d’interférences</span> en affichant un message d’erreur si nécessaire.</p>
<p style=""text-align:justify;""><strong>Le lecteur de bandelettes urinaires Siemens Clinitek Statut+ </strong>peut garder en mémoires jusqu’à 950 patients.<br /> </p>
<p style=""text-align:justify;""><span style=""text-decoration:underline;"">Spécificités :</span></p>
<p style=""text-align:justify;"">- Fonction Auto-Checks</p>
<p style=""text-align:justify;"">- Fonction aide à l'interprétation</p>
<p style=""text-align:justify;"">- Résultat rapide</p>
<p style=""text-align:justify;"">- Facile d'utilisation<br /> </p>
<p style=""text-align:justify;""><span style=""text-decoration:underline;"">Conditionnement :</span> à l'unité.</p>"
14;"Electrocardiographe ECG numérique Nihon Kohden Cardiofax-M2350 (12 pistes)";"actif";"hexamed";"Oui";"<p style=""text-align:justify;"">L'<strong>électrocardiographe numérique Nihon Kohden Cardiofax-M2350 - 12 pistes </strong>possède un écran TFT couleur 7 pouces, haute définition, avec rétro éclairage, qui mémorise l'analyse du rythme sur 12 dérivations pendants 3 min et vous permet de revenir en arrière ainsi que de geler le tracé. Cet écran vous permet aussi de visualiser facilement et simultanément l'électrocardiogramme 12 dérivations et ses données, son affichage réglable permet des opérations fluides. </p>
<p style=""text-align:justify;"">Il est doté d'un clavier alphanumérique qui facilite la saisie des données et de les archiver rapidement. </p>
<p style=""text-align:justify;"">Très pratique grâce à sa poignée de transport intégrée et sa double alimentation secteur et batterie, l'<strong>électrocardiographe numérique Nihon Kohden Cardiofax-M2350 - 12 pistes </strong>vous propose une autonomie de 60 min, vous pouvez donc réaliser des diagnostics en cabinet, dans les établissements médicalisés ou même à domicile chez vos patients. </p>
<p style=""text-align:justify;"">Ce dispositif vous propose, un transfert des données par réseau Ethernet intégrée ou sans fil grâce à un d'adaptateur wifi (non fourni) directement sur votre ordinateur, de plus la mémoire interne de cet ECG est capable de stocker jusqu'à 400 fichiers et vous pouvez rallonger ce stockage avec une carte mémoire SD (non fournie), l'ECG possède port USB et carte SD. </p>
<p style=""text-align:justify;"">L'ECG peut faire des impressions en mode automatique ou manuel, mais grâce au transfert des données en réseau et sa grande capacité de stockage, il permet de faire de économies de papier, en utilisant le mode « sans papier ». </p>
<p style=""text-align:justify;"">L'<strong>électrocardiographe numérique Nihon Kohden Cardiofax-M2350 - 12 pistes </strong>inclut le dernier programme d'interprétation de Nihon Kohden, le programme d'analyse ECAPS12C. </p>
<p style=""text-align:justify;"">L'appareil est doté de haute performance, et est conforme à la norme CEI 60601-2-51 il qui valide le traitement de signal de haute précision (filtrage secteur), les mesures ECG et l'analyse ECG, il vous apporte la précision des diagnostics. </p>
<p style=""text-align:justify;""><br />Garantie : 2 ans.</p>"
15;"Electrocardiographe ECG numérique Nihon kohden Cardiofax-S2250 (6 pistes)";"actif";"hexamed";"Oui";"<p style=""text-align:justify;"">L'<strong>électrocardiographe ECG numérique Nihon kohden Cardiofax-S2250</strong> possède, un écran couleur haute définition rétro éclairé, qui vous permet de visualiser facilement les tracés et informations avec une grande clarté.Son écran couleur affiche simultanément 12 dérivations et assure la parfaite qualité du tracé avant l'enregistrement.  Cet électrocardiographe est doté du tout dernier programme d'interprétation de Nihon kohden, l'ECAPS 12, qui vous assure l'analyse et l'enregistrement des 12 dérivations, ainsi qu'environ 200 conclusions et 5 catégories d'évaluation, son logiciel intégré d'aide à l'analyse des résultats vous facilite leurs interprétations.  </p>
<p style=""text-align:justify;"">Grâce à son alimentation sur secteur ou batterie l'<strong>électrocardiographe ECG numérique Nihon kohden Cardiofax-S2250</strong>, possède une autonomie suffisante qui permet l'enregistrement et l'analyse de 400 patients, tout en étant compact, léger et facile à utiliser, il est très apprécié des professionnels de santé, agréable à transporter, il vous permet de faire des diagnostics en cabinet, dans les établissements médicalisés ou même à domicile chez vos patients. </p>
<p style=""text-align:justify;"">Son imprimante thermique permet une impression du tracé en format 6 pistes sur un papier de 110 mm de large. De plus l'<strong>électrocardiographe ECG numérique Nihon kohden Cardiofax-S2250</strong> vous fera faire des économies de papier, car il vous propose aussi, un transfert des données vers un PC, les données ECG peuvent être envoyées vers un PC par carte mémoire SD, connexion réseau LAN avec ou sans fil. Pour identifier les patients et en faciliter le classement, vous pouvez entrer le nom et un numéro d'identité avec le clavier alphanumérique. </p>
<p style=""text-align:justify;"">Le dispositif<strong> </strong>est intelligent, car dès qu'une arythmie est détectée, l'enregistrement de la dérivation du rythme ou du groupe de dérivations se prolonge automatiquement, et l'enregistrement du premier groupe de dérivations peut également être prolongé manuellement. </p>
<p style=""text-align:justify;""><span style=""text-decoration:underline;""><br />Spécificités : </span></p>
<p style=""text-align:justify;"">- Ecran lcd 7 pouces</p>
<p style=""text-align:justify;"">- Fonction copie</p>
<p style=""text-align:justify;"">- Mémoire interne pour 8 electrocardiogrammes</p>
<p style=""text-align:justify;"">- Mémoire interne : 400 ECG.</p>"
16;"Pack promo ECG Cardioline 100L (3/6 pistes) avec interprétation + sacoche + papier + électrodes - avec câble à pression";"actif";"hexamed";"Oui";"<p style=""text-align:center;""><span style=""text-decoration:underline;""><span style=""color:#f61414;text-decoration:underline;""><strong>Pack promo :</strong></span></span></p>
<p style=""text-align:center;""><span style=""color:#f61414;""><strong>ECG 100L (3/6 pistes) avec interprétation (référence 22235ARD)</strong></span></p>
<p style=""text-align:center;""><span style=""color:#f61414;""><strong>+ Papier ECG CARDIOLINE original fabricant pour 100L (lot de 5) référence 22236ARD (x1)</strong></span></p>
<p style=""text-align:center;""><span style=""color:#f61414;""><strong>+ sacoche de transport (référence 22853ARD)</strong></span></p>
<p style=""text-align:center;""><span style=""color:#f61414;""><strong>+ Electrodes ECG</strong></span></p>
<p style=""text-align:justify;""><br /><br />L’<strong>électrocardiographe Cardioline 100L</strong> est un dispositif de diagnostic complet et portable qui affiche, enregistre et imprime des tracés ECG pour les patients adultes ou enfants, et effectue les mesures.</p>
<p style=""text-align:justify;"">Très simple et pratique à l’utilisation, l’<strong>électrocardiographe Cardioline 100L</strong> se distingue par un écran couleur tactile de 5 pouces, à partir duquel toutes les opérations peuvent être facilement effectuées. Une interface intelligente et intuitive guide l’utilisateur à travers les différentes étapes d’acquisition de l’électrocardiographe.</p>
<p style=""text-align:justify;"">Les messages informatifs ou les messages d’erreur à destination du professionnel de santé s’affichent directement à l’écran (c’est le cas par exemple lorsque le dispositif détecte une défaillance au niveau du câble patient).</p>
<p style=""text-align:justify;"">Le dispositif d’analyse ECG est équipé d’un port USB destiné à l’export des données d’examen enregistrées initialement sur la mémoire interne permettant le stockage d’environ 50 ECG.</p>
<p style=""text-align:justify;"">La fonction d’interprétation avec l’algorithme de Glasgow est un plus pour le praticien médical. Cet algorithme  est reconnu à ce jour comme étant le plus précis. Il prend en compte dans ses analyses les éléments suivants : âge, sexe, prise de médicament, classification. Cette option (ici incluse de façon standard avec l'appareil) fournit une interprétation complète de l’ECG avec notamment la détection de l’infarctus du myocarde infantile, pédiatrique et aiguë.</p>
<p style=""text-align:justify;"">L'ECG propose trois modes d'acquisition : AUTO (3, 3+1, 3+3 ou 6 pistes), manuel (3, 6 ou 12 pistes et choix de la piste du rythme - DII-Long) et STAT (Statim, mode Urgence).</p>
<p style=""text-align:justify;"">L’appareil fonctionne sur batterie <span>(environ 6 heures d'autonomie) </span>ou secteur. Si l’on ajoute à cela le fait qu’il dispose de dimensions extrêmement compactes et d’un poids relativement faible, cela en fait le produit idéal pour les visites à domicile ou les déplacements entre les divers lieux de consultations.</p>
<p style=""text-align:justify;"">Pour simplifier et centraliser la gestion des données recueillies, et pour améliorer la qualité du suivi patient, il est possible d’exporter les données enregistrées à partir de l’ECG (via USB), directement vers le logiciel informatique (PC) nommé « ECGEasyApp » (format initial des rapports : SCP, transformation en format PDF grâce au logiciel PC).</p>
<p style=""text-align:justify;"">L’<strong>électrocardiographe Cardioline 100L</strong> bénéficie de la plus longue garantie proposée sur le marché actuel : 5 années !</p>"
17;"Pack promo ECG Cardioline 100L (3/6 pistes) avec interprétation + sacoche + papier + électrodes - avec câble à fiches banane";"actif";"hexamed";"Oui";"<p style=""text-align:center;""><span style=""text-decoration:underline;""><span style=""color:#f61414;text-decoration:underline;""><strong>Pack promo :</strong></span></span></p>
<p style=""text-align:center;""><span style=""color:#f61414;""><strong>ECG 100L (3/6 pistes) avec interprétation (référence 22235ARD)</strong></span></p>
<p style=""text-align:center;""><span style=""color:#f61414;""><strong>+ Papier ECG CARDIOLINE original fabricant pour 100L (lot de 5) référence 22236ARD (x1)</strong></span></p>
<p style=""text-align:center;""><span style=""color:#f61414;""><strong>+ sacoche de transport (référence 22853ARD)</strong></span></p>
<p style=""text-align:center;""><span style=""color:#f61414;""><strong>+ Electrodes ECG</strong></span></p>
<p style=""text-align:justify;""><br /><br />L’<strong>électrocardiographe Cardioline 100L</strong> est un dispositif de diagnostic complet et portable qui affiche, enregistre et imprime des tracés ECG pour les patients adultes ou enfants, et effectue les mesures.</p>
<p style=""text-align:justify;"">Très simple et pratique à l’utilisation, l’<strong>électrocardiographe Cardioline 100L</strong> se distingue par un écran couleur tactile de 5 pouces, à partir duquel toutes les opérations peuvent être facilement effectuées. Une interface intelligente et intuitive guide l’utilisateur à travers les différentes étapes d’acquisition de l’électrocardiographe.</p>
<p style=""text-align:justify;"">Les messages informatifs ou les messages d’erreur à destination du professionnel de santé s’affichent directement à l’écran (c’est le cas par exemple lorsque le dispositif détecte une défaillance au niveau du câble patient).</p>
<p style=""text-align:justify;"">Le dispositif d’analyse ECG est équipé d’un port USB destiné à l’export des données d’examen enregistrées initialement sur la mémoire interne permettant le stockage d’environ 50 ECG.</p>
<p style=""text-align:justify;"">La fonction d’interprétation avec l’algorithme de Glasgow est un plus pour le praticien médical. Cet algorithme  est reconnu à ce jour comme étant le plus précis. Il prend en compte dans ses analyses les éléments suivants : âge, sexe, prise de médicament, classification. Cette option (ici incluse de façon standard avec l'appareil) fournit une interprétation complète de l’ECG avec notamment la détection de l’infarctus du myocarde infantile, pédiatrique et aiguë.</p>
<p style=""text-align:justify;"">L'ECG propose trois modes d'acquisition : AUTO (3, 3+1, 3+3 ou 6 pistes), manuel (3, 6 ou 12 pistes et choix de la piste du rythme - DII-Long) et STAT (Statim, mode Urgence).</p>
<p style=""text-align:justify;"">L’appareil fonctionne sur batterie <span>(environ 6 heures d'autonomie) </span>ou secteur. Si l’on ajoute à cela le fait qu’il dispose de dimensions extrêmement compactes et d’un poids relativement faible, cela en fait le produit idéal pour les visites à domicile ou les déplacements entre les divers lieux de consultations.</p>
<p style=""text-align:justify;"">Pour simplifier et centraliser la gestion des données recueillies, et pour améliorer la qualité du suivi patient, il est possible d’exporter les données enregistrées à partir de l’ECG (via USB), directement vers le logiciel informatique (PC) nommé « ECGEasyApp » (format initial des rapports : SCP, transformation en format PDF grâce au logiciel PC).</p>
<p style=""text-align:justify;"">L’<strong>électrocardiographe Cardioline 100L</strong> bénéficie de la plus longue garantie proposée sur le marché actuel : 5 années !</p>"
18;"Prestation de mise en service avec formation pour défibrillateur Philips HS1 et FRx";"actif";"hexamed";"Oui";"<p style=""text-align:justify;"">La <strong>prestation de mise en service avec formation pour défibrillateur Philips HS1</strong> consiste à installer l'appareil et à informer le personnel de l'établissement sur son fonctionnement.</p>
<p style=""text-align:justify;""><br />Concernant la <span style=""text-decoration:underline;"">mise en service du HS1 et FRx</span>, elle consiste à :</p>
<p style=""text-align:justify;"">- Mettre en route l'appareil</p>
<p style=""text-align:justify;"">- Vérifier la présence des accessoires</p>
<p style=""text-align:justify;"">- Réaliser un test d'insertion des piles</p>
<p style=""text-align:justify;"">- Installer la signalétique (si présente sur site)</p>
<p style=""text-align:justify;"">- Relever le n° de série du défibrillateur</p>
<p style=""text-align:justify;"">- Relever la date d’expiration et le n° de lot des électrodes</p>
<p style=""text-align:justify;"">- Relever la date limite d’installation, la date d’installation et le n° de lot des piles</p>
<p style=""text-align:justify;"">- Annoter le lieu exact d’implantation du DAE</p>
<p style=""text-align:justify;""><br />Concernant la <span style=""text-decoration:underline;"">formation pour HS1 et FRx</span>, elle comprend :</p>
<p style=""text-align:justify;"">- La présentation de l'appareil ainsi que son fonctionnement</p>
<p style=""text-align:justify;"">- Des précisions sur les conditions d’utilisation et de stockage</p>
<p style=""text-align:justify;"">- Des indications sur comment et quand changer les consommables</p>
<p style=""text-align:justify;"">- Des explications sur comment entretenir son défibrillateur et comment réagir en cas d'alerte</p>
<p style=""text-align:justify;""><br />La formation de prise en main du défibrillateur dure environ 1 heure et il faut compter environ 4 semaines une fois la demande de rendez-vous prise pour mettre en place la prestation.</p>
<p style=""text-align:justify;""><br /><br /><span style=""color:#f30606;""><em>Prestation réservée uniquement à la France métropolitaine (hors Corse et DOM-TOM)</em></span></p>"
19;"Forfait de maintenance pour défibrillateur Philips HS1 et FRx";"actif";"hexamed";"Oui";"<p style=""text-align:justify;"">Le <strong>forfait de maintenance pour défibrillateur Philips HS1</strong> <strong>et FRx</strong> permet de faire vérifier par un prestataire une fois dans l'année (à partir de la date d'achat du forfait), le bon fonctionnement de l'appareil.</p>
<p style=""text-align:justify;"">La procédure établie pour mettre en oeuvre les tests nécessaires se constitue de plusieurs étapes. La première consiste à vérifier le bon fonctionnement du DAE, l'intégrité des électrodes et des circuits, ainsi que l'intégrité du boîtier. La deuxième est de récupérer informatiquement des informations et enfin la troisième, permet de contrôler les divers composants (date de fabrication, date de péremption, etc...)</p>
<p style=""text-align:justify;"">Une fois ces tests réalisés, le prestataire doit mener à bien certaines opérations de manière à pouvoir éditer le certificat de conformité et renseigner le registre de sécurité.</p>
<p style=""text-align:justify;"">La procédure du <strong>forfait de maintenance pour défibrillateur Philips HS1 et FRx </strong>dure en moyenne 30 minutes et l'intervention ne sera validée qu'une fois que les certificats et historique seront transmis à la société.</p>
<p style=""text-align:justify;""><br /><span style=""color:#f40909;""><em>Prestation réservée uniquement à la France métropolitaine (hors Corse et DOM-TOM)</em></span></p>"
20;"Plateau gynécologique pour fauteuil Mobercas";"actif";"hexamed";"Oui";"<strong>Plateau gynécologique pour fauteuil Mobercas</strong><br /><br /><br /><span style=""text-decoration:underline;"">Compatible uniquement avec les modèles SE-1130-G, SE-1230-G, SE-2230-BRG et SE-2330-BRG :</span><br /><br />- Fauteuil de gynécologie électrique Mobercas SE-1130-G (ref: 92319OBE)<br /><br />- Fauteuil de gynécologie électrique Mobercas SE-1230-G (ref: 27265OBE)<br /><br />- Fauteuil de gynécologie électrique Mobercas SE-2230-BRG (ref: 27266OBE)<br /><br />- Fauteuil de gynécologie électrique Mobercas SE-2330-BRG (ref: 27267OBE)<br /><br /><br />"
21;"Reposes-pieds amovibles pour fauteuil Mobercas";"actif";"hexamed";"Oui";"<strong>Reposes-pieds amovibles pour fauteuil Mobercas</strong><br /><br /><br /><span style=""text-decoration:underline;"">Compatible uniquement avec les modèles SE-1130-G et SE-1230-G :</span><br /><br />- Fauteuil de gynécologie électrique Mobercas SE-1130-G (ref: 92319OBE)<br /><br />- Fauteuil de gynécologie électrique Mobercas SE-1230-G (ref: 27265OBE)<br /><br /><br /><span style=""color:#f90606;""><em>A commander en même temps que le divan d'examen.</em></span>"
22;"Paire de repose-jambes gynécologique pour divan ou fauteuil d'examen Mobercas";"actif";"hexamed";"Oui";"<p style=""text-align:justify;""><strong>Paire de repose-jambes gynécologique </strong>avec étaux<strong> pour divan ou fauteuil d'examen Mobercas</strong></p>
<p style=""text-align:justify;""><span style=""text-decoration:underline;""><br />Conditionnement :</span> la paire.</p>"
23;"Tablette réglable rotative pour fauteuils Mobercas";"actif";"hexamed";"Oui";"<p style=""text-align:justify;""><strong>Tablette réglable rotative pour fauteuils Mobercas</strong></p>
<p style=""text-align:justify;""><br />Rotative à 360°, elle est livrée avec les étaux et est uniquement compatible avec le fauteuil électrique SE-2340-BR pour traitements d'hémodialyse et de chimiothérapie (référence 27273OBE).</p>
<p style=""text-align:justify;""><br /><span style=""text-decoration:underline;"">Conditionnement :</span> l'unité.</p>"
24;"Repose-tête pour table de verticalisation Mobercas";"actif";"hexamed";"Oui";"<p style=""text-align:justify;""><strong>Repose-tête</strong> avec guide latéraux de 126 cm <strong>pour table de verticalisation Mobercas.</strong></p>
<p style=""text-align:justify;""><br />Compatible avec toutes les tables de verticalisation Mobercas.</p>
<p style=""text-align:justify;""><br /><span style=""text-decoration:underline;"">Conditionnement :</span> l'unité.</p>"
25;"Poignées de maintien pour table de verticalisation Mobercas";"actif";"hexamed";"Oui";"<p style=""text-align:justify;""><strong>Poignée de maintien</strong> avec guide latéraux de 126 cm <strong>pour table de verticalisation Mobercas.</strong></p>
<p style=""text-align:justify;""><br />Compatible avec toutes les tables de verticalisation Mobercas.</p>
<p style=""text-align:justify;""><br /><span style=""text-decoration:underline;"">Conditionnement :</span> la paire.</p>"
26;"Goniomètre pour table de verticalisation Mobercas";"actif";"hexamed";"Oui";"<p style=""text-align:justify;""><strong>Le goniomètre pour table de verticalisation Mobercas</strong> permet de mesurer l'angle d'inclinaison des tables de verticalisation Mobercas.</p>
<p style=""text-align:justify;""><br /><span style=""text-decoration:underline;"">Matière :</span> en acier inoxydable</p>
<p style=""text-align:justify;""><br /><span style=""text-decoration:underline;"">Conditionnement :</span> à l'unité.</p>"
27;"Commande manuelle (2 moteurs simultanés) pour divan ou fauteuil d'examen Mobercas";"actif";"hexamed";"Oui";"<p style=""text-align:justify;""><strong>Commande manuelle (2 moteurs simultanés) pour divan ou fauteuil d'examen Mobercas<br /><br /></strong></p>
<p style=""text-align:justify;"">Compatible avec les tables de Bobath CE-BOBATH-0210-R, CE-BOBATH-0220-R et CE-BOBATH-0215-R, la commande manuelle permet de faire des réglages en utilisant les deux moteurs simultanément.</p>
<p style=""text-align:justify;""><br /><span style=""text-decoration:underline;"">Conditionnement :</span> à l'unité.</p>"
28;"Pédale de commande (2 moteurs simultanés) pour divan ou fauteuil d'examen Mobercas";"actif";"hexamed";"Oui";"<p style=""text-align:justify;""><strong>Pédale de commande (2 moteurs simultanés) pour divan ou fauteuil d'examen Mobercas<br /><br /></strong></p>
<p style=""text-align:justify;"">Compatible avec les tables de Bobath CE-BOBATH-0210-R, CE-BOBATH-0220-R et CE-BOBATH-0215-R, la commande au pied permet de régler la hauteur en utilisant les deux moteurs simultanément.</p>
<p style=""text-align:justify;""><br /><span style=""text-decoration:underline;"">Conditionnement :</span> à l'unité.</p>"
29;"Défibrillateur Philips FRx semi-automatique - Pack Standard";"actif";"hexamed";"Oui";"<p style=""text-align:justify;"">Le <strong>défibrillateur Philips Heartstart FRx semi-automatique</strong> a été conçu pour répondre rapidement et efficacement en cas d’arrêt cardio-respiratoire (ARC).</p>
<p style=""text-align:justify;"">Un arrêt cardiaque peut se manifester n’importe où et sans avoir donné de signes au préalable ou en tout cas très peu (17 millions de décès dans le monde chaque année). Ce type d’accident doit être rapidement pris en charge car la survie du patient est en jeu. En effet, des études indiquent que plus le délai entre l’arrêt cardiaque et le choc de défibrillation est court, plus les chances de survie augmentent.</p>
<p style=""text-align:justify;"">Equipé d’une technologie de pointe, le FRx est capable de s’adapter à de multiples situations et peut-être aussi bien manipulé par les professionnels que par une personne non formée. Facile d’utilisation et ergonomique, il guide son utilisateur en temps réel grâce à des consignes vocales simples qui permettent de procéder à la défibrillation étapes par étapes.</p>
<p style=""text-align:justify;"">Simple à mettre en place, il suffit d’appuyer sur le bouton marche/arrêt de l’appareil de manière à activer les consignes vocales, de placer les électrodes sur la poitrine du patient en respectant les indications et enfin, d’appuyer sur le bouton de choc orange lorsque le FRx a fini d’évaluer la situation et en à donné l’instruction. Au cours de la réanimation cardio-pulmonaire (RCP), un métronome sonore et des consignes vocales vont guider l’utilisateur pour la réalisation de compressions appropriées à des intervalles adaptées.</p>
<p style=""text-align:justify;"">Contrairement à d’autres appareils vendus en France qui mettent près de 11 secondes à délivrer un choc après l'arrêt de la RCP, le <strong>défibrillateur Philips Heartstart FRx semi-automatique</strong> est doté d'une fonction brevetée appelée Quick Shock, réduisant ce temps à 8 secondes. Cette diminution n’est pas négligeable quand on sait que ces quelques secondes en moins peuvent augmenter les chances de survie de la victime.</p>
<p style=""text-align:justify;"">Ce défibrillateur est aussi adapté aux enfants ainsi qu’aux nourrissons puisque les électrodes SMART II sont utilisables dans les deux cas, évitant ainsi aux professionnels de perdre du temps à changer les électrodes selon le patient. Pour passer le défibrillateur en mode pédiatrique, il faut obligatoirement insérer la clé pédiatrique dans le FRx pour indiquer à l’appareil que l’intervention se fait sur un nourrisson ou un enfant, ce qui va déclencher la fonction “Life Guidance” et entrainer des instructions de RCP en conséquence.</p>
<p style=""text-align:justify;"">Robuste et léger, il a été pensé pour supporter les conditions les plus extrêmes.</p>
<p style=""text-align:justify;"">Le <strong>défibrillateur Philips Heartstart FRx semi-automatique</strong> est muni d’un système d’auto-tests qui permet de réaliser régulièrement des vérifications sur l’intégrité des électrodes ainsi que sur l’état de fonctionnement et la calibration des circuits et systèmes.</p>
<p style=""text-align:justify;""><br /><span style=""text-decoration:underline;"">Dimensions :</span> H6 cm x P18 cm x L 22 cm</p>
<p style=""text-align:justify;""><br /><span style=""text-decoration:underline;"">Au choix : </span></p>
<p style=""text-align:justify;"">- Pack Standard : le défibrillateur + 2 paires d'électrodes Smart II</p>
<p style=""text-align:justify;"">- Pack Plus : le défibrillateur + 2 paires d'électrodes Smart II + la clé pédiatrique + 1 trousse de réanimation (1 masque bouche à bouche, 1 paire de gants jetables, 1 paire de ciseaux Lister, 1 rasoir jetable, 10 compresses à la chlorhexidine)</p>"
30;"Défibrillateur Philips FRx semi-automatique - Pack Plus";"actif";"hexamed";"Oui";"<p style=""text-align:justify;"">Le <strong>défibrillateur Philips Heartstart FRx semi-automatique</strong> a été conçu pour répondre rapidement et efficacement en cas d’arrêt cardio-respiratoire (ARC).</p>
<p style=""text-align:justify;"">Un arrêt cardiaque peut se manifester n’importe où et sans avoir donné de signes au préalable ou en tout cas très peu (17 millions de décès dans le monde chaque année). Ce type d’accident doit être rapidement pris en charge car la survie du patient est en jeu. En effet, des études indiquent que plus le délai entre l’arrêt cardiaque et le choc de défibrillation est court, plus les chances de survie augmentent.</p>
<p style=""text-align:justify;"">Equipé d’une technologie de pointe, le FRx est capable de s’adapter à de multiples situations et peut-être aussi bien manipulé par les professionnels que par une personne non formée. Facile d’utilisation et ergonomique, il guide son utilisateur en temps réel grâce à des consignes vocales simples qui permettent de procéder à la défibrillation étapes par étapes.</p>
<p style=""text-align:justify;"">Simple à mettre en place, il suffit d’appuyer sur le bouton marche/arrêt de l’appareil de manière à activer les consignes vocales, de placer les électrodes sur la poitrine du patient en respectant les indications et enfin, d’appuyer sur le bouton de choc orange lorsque le FRx a fini d’évaluer la situation et en à donné l’instruction. Au cours de la réanimation cardio-pulmonaire (RCP), un métronome sonore et des consignes vocales vont guider l’utilisateur pour la réalisation de compressions appropriées à des intervalles adaptées.</p>
<p style=""text-align:justify;"">Contrairement à d’autres appareils vendus en France qui mettent près de 11 secondes à délivrer un choc après l'arrêt de la RCP, le <strong>défibrillateur Philips Heartstart FRx semi-automatique</strong> est doté d'une fonction brevetée appelée Quick Shock, réduisant ce temps à 8 secondes. Cette diminution n’est pas négligeable quand on sait que ces quelques secondes en moins peuvent augmenter les chances de survie de la victime.</p>
<p style=""text-align:justify;"">Ce défibrillateur est aussi adapté aux enfants ainsi qu’aux nourrissons puisque les électrodes SMART II sont utilisables dans les deux cas, évitant ainsi aux professionnels de perdre du temps à changer les électrodes selon le patient. Pour passer le défibrillateur en mode pédiatrique, il faut obligatoirement insérer la clé pédiatrique dans le FRx pour indiquer à l’appareil que l’intervention se fait sur un nourrisson ou un enfant, ce qui va déclencher la fonction “Life Guidance” et entrainer des instructions de RCP en conséquence.</p>
<p style=""text-align:justify;"">Robuste et léger, il a été pensé pour supporter les conditions les plus extrêmes.</p>
<p style=""text-align:justify;"">Le <strong>défibrillateur Philips Heartstart FRx semi-automatique</strong> est muni d’un système d’auto-tests qui permet de réaliser régulièrement des vérifications sur l’intégrité des électrodes ainsi que sur l’état de fonctionnement et la calibration des circuits et systèmes.</p>
<p style=""text-align:justify;""><br /><span style=""text-decoration:underline;"">Dimensions :</span> H6 cm x P18 cm x L 22 cm</p>
<p style=""text-align:justify;""><br /><span style=""text-decoration:underline;"">Au choix : </span></p>
<p style=""text-align:justify;"">- Pack Standard : le défibrillateur + 2 paires d'électrodes Smart II</p>
<p style=""text-align:justify;"">- Pack Plus : le défibrillateur + 2 paires d'électrodes Smart II + la clé pédiatrique + 1 trousse de réanimation (1 masque bouche à bouche, 1 paire de gants jetables, 1 paire de ciseaux Lister, 1 rasoir jetable, 10 compresses à la chlorhexidine)</p>"
31;"Sonde linéaire 75L38EB pour échographes à ultrasons Mindray DP-10 et DP- 20";"actif";"hexamed";"Oui";"<p style=""text-align:center;""><span style=""color:#ff0000;""><strong><span style=""text-decoration:underline;"">Emballage légèrement endommagé mais produit neuf<br />1 unité en stock ! </span></strong></span></p>
<p style=""text-align:justify;""> </p>
<p style=""text-align:justify;""><strong>Sonde linéaire 75L38EB pour échographes à ultrasons Mindray.</strong></p>
<p style=""text-align:justify;"">Compatible avec les échographes Mindray DP-10 et DP-20<br /><br /></p>
<p style=""text-align:justify;""><span style=""text-decoration:underline;"">Conditionnement :</span> à l'unité.</p>
<p style=""text-align:justify;""></p>"
32;"Pompe à micro-perfusion Gima";"actif";"hexamed";"Oui";"<p style=""text-align:justify;"">La <strong>pompe à micro-perfusion Gima</strong> est un appareil médical bénéficiant d’une technologie de pointe.</p>
<p style=""text-align:justify;"">En effet, elle utilise la méthode péristaltique qui a pour principe de créer un flux pressurisé à l'aide de galets pressés contre un tuyau flexible. Ce procédé garantit une précision de débit élevée tout en assurant la prise en charge des tubulures d'une grande variété de pompes via son dispositif de détection ultrasonique des bulles.</p>
<p style=""text-align:justify;"">En plus d’être facile à utiliser et à régler, son écran FND et LCD couleur offre aux professionnels de santé une bonne visibilité des paramètres affichés.</p>
<p style=""text-align:justify;"">La <strong>pompe à micro-perfusion Gima</strong> est compatible avec 4 marques de sets de perfusion ; BD (A122), TERUMO (TSPA 200L), VACCIN CORÉEN (1 ET 2) et ARIES.</p>
<p style=""text-align:justify;"">Le professionnel de santé à la possibilité de régler plusieurs programmes de perfusions comme la fonction anti-obstruction veineuse (KVO), le bolus ou le débit de ventilation assurant ainsi les meilleures performances, fiabilité et précision.</p>
<p style=""text-align:justify;"">La <strong>pompe à micro-perfusion Gima</strong> a la capacité d’identifier le dosage exact pour le patient pour ensuite procéder à l'administration.</p>
<p style=""text-align:justify;"">Plusieurs fonctions y sont intégrées comme le stockage des données, le verrouillage des touches, le niveau d’occlusion, le rappel du réglage précédent, etc.</p>
<p style=""text-align:justify;"">Aussi, elle est dotée de différentes alarmes indiquant par exemple, la présence d'air dans la conduite, une erreur de débit ou encore un dysfonctionnement de l'appareil (erreur CPU).</p>
<p style=""text-align:justify;"">Ce dispositif médical peut également convenir aux vétérinaires.</p>
<p style=""text-align:justify;""><br /><span style=""text-decoration:underline;"">Spécificités :</span></p>
<p style=""text-align:justify;"">- Fonctions alarmes</p>
<p style=""text-align:justify;"">- Autonomie de la batterie : 4 heures (perfusion égale à 125 ml / h)</p>
<p style=""text-align:justify;"">- Classe II b, appareil source interne, type CF</p>
<p style=""text-align:justify;"">- Niveau de protection contre les chocs électriques</p>
<p style=""text-align:justify;"">- Niveau de résistance à l'eau: IPX2</p>
<p style=""text-align:justify;"">- Manuel utilisateur en anglais</p>
<p style=""text-align:justify;""><br /><span style=""text-decoration:underline;"">Conditionnement :</span> à l'unité.</p>"
33;"Cardiotocographe / Moniteur foetal pour grossesse multiples EDAN F15";"actif";"hexamed";"Oui";"<p style=""text-align:justify;"">Le <strong>cardiotocographe / Moniteur foetal pour grossesse multiples EDAN F15</strong> est un dispositif médical nouvelle génération capable de surveiller le rythme cardiaque du fœtus ainsi que les contractions utérines.</p>
<p style=""text-align:justify;"">Cet appareil est destiné à être utilisé uniquement par des professionnels de santé qualifié travaillant en salle de travail ou d’accouchement, ou par du personnel bien formé et habilité à s’en servir.</p>
<p style=""text-align:justify;"">Le <strong>cardiotocographe / Moniteur foetal pour grossesse multiples EDAN F15</strong> est composé de plusieurs modules permettant de configurer et de surveiller les paramètres foetaux en temps réel comme le FHR, FM (MFM+AFM), TOCO ou DECG et IUP. Aussi, il a la capacité de surveiller les données physiologiques des femmes enceintes telles que l’ECG, RESP, TEMP, SpO2, PR et PNI.</p>
<p style=""text-align:justify;"">Innovant, il a la capacité de surveiller des jumeaux mais également des triplés en utilisant deux ou trois capteurs.</p>
<p style=""text-align:justify;"">Son design moderne et travaillé le rend facile d’utilisation. En effet, tout est accessible sur l’écran interactif et tactile en veillant à utiliser un stylet ou le doigt pour ne pas le détériorer. On y retrouve les champs d'information, les ondes, les champs de menu, les valeurs numériques de mesure, les champs d'état ainsi que les touches du clavier. Tous les modules du menu principal contiennent des sous-menus, où il est possible de régler les paramètres de l’alarme, du système, la luminosité ou encore de modifier l’heure et la date, etc.</p>
<p style=""text-align:justify;"">Il est possible de régler de trois positions différentes l’angle de l’écran pour répondre aux besoins du professionnel de santé. Il suffit de faire glisser l'attache située en haut à gauche de l’écran de façon à le détacher et ainsi pouvoir aisément l'installer sur une surface plane, un mur ou un chariot.</p>
<p style=""text-align:justify;"">Le support des capteurs se compose de trois logement d’accueil et se situe sur le côté droit de l’appareil,</p>
<p style=""text-align:justify;"">Le <strong>cardiotocographe / Moniteur foetal pour grossesse multiples EDAN F15</strong> est dotée d'une imprimante thermique intégrée prenant en charge les normes américaines et internationales.</p>
<p style=""text-align:justify;"">Enfin, les données prises sont sauvegardées toutes les 10 minutes. Il existe une fonction archivage en option qui permet d'exporter et d'enregistrer automatiquement les fichiers sur clé USB puis de les enregistrer sur un ordinateur ou de les ouvrir dans un système de gestion de données.</p>
<p style=""text-align:justify;""><br /><span style=""text-decoration:underline;"">Spécificités :</span></p>
<p style=""text-align:justify;"">- Alarme (sonore et visuelle)</p>
<p style=""text-align:justify;"">- Alarme (technique et patient)</p>
<p style=""text-align:justify;"">- Témoins de charge</p>
<p style=""text-align:justify;"">- Témoin de courant alternatif</p>
<p style=""text-align:justify;"">- Témoin d’alimentation</p>"
34;"Cardiotocographe / Moniteur foetal pour grossesse multiples EDAN F15 AIR";"actif";"hexamed";"Oui";"<p style=""text-align:justify;"">Le <strong>cardiotocographe / Moniteur foetal pour grossesse multiples EDAN F15 AIR</strong> est un appareil médical innovant conçu pour contrôler le rythme cardiaque du fœtus ainsi que les contractions utérines.</p>
<p style=""text-align:justify;"">Ce dispositif est réservé uniquement aux professionnels de santé qualifié travaillant en salle de travail ou d’accouchement, ou par du personnel formé et habilité à s’en servir.</p>
<p style=""text-align:justify;"">Plusieurs modules sont intégrés dans le <strong>cardiotocographe / Moniteur foetal pour grossesse multiples EDAN F15 AIR</strong>. Ils permettent de surveiller et de configurer en temps réel les paramètres fœtaux; FHR, FM (MFM+AFM), TOCO ou DECG et IUP, ainsi qu’observer les données physiques des femmes enceintes telles que l’ECG, RESP, TEMP, SpO2, PR et PNI.</p>
<p style=""text-align:justify;"">De nouvelle génération, il permet de surveiller des jumeaux mais aussi des triplées en utilisant trois capteurs.</p>
<p style=""text-align:justify;"">Le support des capteurs sans fil se situe sur le côté droit de l’appareil et se compose de trois emplacements servant de logement d’accueil mais également de station de charge.</p>
<p style=""text-align:justify;"">Son design soigné et moderne fait de lui un outil simple d’utilisation. Son écran tactile et interactif permet de naviguer aisément entre les différents menus où il est possible de retrouver les champs d'information, les ondes, les champs de menu, les valeurs numériques de mesure, les champs d'état ainsi que les touches du clavier. On y trouve également les sous-menus où on peut régler les paramètres de l’alarme, du système, la luminosité ou encore de modifier l’heure et la date, etc.</p>
<p style=""text-align:justify;"">L’angle de l’écran de l’appareil peut se régler de trois façons différentes. Il suffit de faire glisser l'attache située en haut à gauche de l’écran de façon à le détacher et ainsi, laisser la possibilité aux professionnels de santé de l'installer sur une surface plane, un mur ou un chariot.</p>
<p style=""text-align:justify;"">Le <strong>cardiotocographe / Moniteur foetal pour grossesse multiples EDAN F15 AIR</strong> sauvegarde les données prises toutes les 10 minutes. Il existe une fonction archivage en option qui permet d'exporter et d'enregistrer automatiquement les fichiers sur clé USB puis de les enregistrer sur un ordinateur ou de les ouvrir dans un système de gestion de données.</p>
<p style=""text-align:justify;"">Enfin, ce moniteur est doté d'une imprimante thermique intégrée prenant en charge les normes américaines et internationales.</p>
<p style=""text-align:justify;""><br /><span style=""text-decoration:underline;"">Spécificités :</span></p>
<p style=""text-align:justify;"">- Alarme (sonore et visuelle)</p>
<p style=""text-align:justify;"">- Alarme (technique et patient)</p>
<p style=""text-align:justify;"">- Témoins de charge</p>
<p style=""text-align:justify;"">- Témoin de courant alternatif</p>
<p style=""text-align:justify;"">- Témoin d’alimentation</p>"
35;"Capteur à ultrasons 12 cristaux filaire pour cardiotocographe EDAN F15";"actif";"hexamed";"Oui";"<p style=""text-align:justify;""><strong>Capteur à ultrasons 12 cristaux filaire pour cardiotocographe EDAN F15</strong></p>
<p style=""text-align:justify;""><br />Uniquement compatible avec le Cardiotocographe / Moniteur foetal pour grossesse multiple EDAN F15 (28424RAF)</p>
<p style=""text-align:justify;""><br /><span style=""text-decoration:underline;"">Longueur du câble :</span> 2,5 m</p>
<p style=""text-align:justify;""><br /><span style=""text-decoration:underline;"">Dimensions :</span> 9,1 x 7,6 x 2 cm</p>
<p style=""text-align:justify;""><span style=""text-decoration:underline;"">Poids :</span> 0.150 kg</p>
<p style=""text-align:justify;""><br /><span style=""text-decoration:underline;"">Conditionnement :</span> à l'unité.</p>"
36;"Capteur à ultrasons 12 cristaux sans fil pour cardiotocographe EDAN F15 AIR";"actif";"hexamed";"Oui";"<p style=""text-align:justify;""><strong>Capteur à ultrasons 12 cristaux sans fil pour cardiotocographe EDAN F15 AIR</strong></p>
<p style=""text-align:justify;""><br />Uniquement compatible avec le Cardiotocographe / Moniteur foetal pour grossesse multiple EDAN F15 AIR (28425RAF)</p>
<p style=""text-align:justify;""><br /><span style=""text-decoration:underline;"">Dimensions :</span> 9,1 x 7,6 x 2 cm</p>
<p style=""text-align:justify;""><span style=""text-decoration:underline;"">Poids :</span> 0.150 kg</p>
<p style=""text-align:justify;""><br /><span style=""text-decoration:underline;"">Conditionnement :</span> à l'unité.</p>"
37;"Capteur TOCO filaire pour cardiotocographe EDAN F15";"actif";"hexamed";"Oui";"<p style=""text-align:justify;""><strong>Capteur TOCO filaire pour cardiotocographe EDAN F15</strong></p>
<p style=""text-align:justify;""><br />Uniquement compatible avec le Cardiotocographe / Moniteur foetal pour grossesse multiple EDAN F15 (28424RAF)</p>
<p style=""text-align:justify;""><br /><span style=""text-decoration:underline;"">Longueur du câble :</span> 2,5m</p>
<p style=""text-align:justify;""><br /><span style=""text-decoration:underline;"">Dimensions :</span> 9,1 x 7,6 x 2 cm</p>
<p style=""text-align:justify;""><span style=""text-decoration:underline;"">Poids :</span> 0.150 kg</p>
<p style=""text-align:justify;""><br /><span style=""text-decoration:underline;"">Conditionnement :</span> à l'unité.</p>"
38;"Capteur TOCO sans fil pour cardiotocographe EDAN F15 AIR";"actif";"hexamed";"Oui";"<p style=""text-align:justify;""><strong>Capteur TOCO sans fil pour cardiotocographe EDAN F15 AIR</strong></p>
<p style=""text-align:justify;""><br />Uniquement compatible avec le Cardiotocographe / Moniteur foetal pour grossesse multiple EDAN F15 AIR (28425RAF)</p>
<p style=""text-align:justify;""><br /><span style=""text-decoration:underline;"">Dimensions :</span> 9,1 x 7,6 x 2 cm</p>
<p style=""text-align:justify;""><span style=""text-decoration:underline;"">Poids :</span> 0.150 kg</p>
<p style=""text-align:justify;""><br /><span style=""text-decoration:underline;"">Conditionnement :</span> à l'unité.</p>"
39;"Module maternel pour capteur TOCO du cardiotocographe F15 et F15 AIR";"actif";"hexamed";"Oui";"Module maternel pour capteur TOCO du cardiotocographe F15 et F15 AIR"
40;"Papier pour imprimante du cardiotocographe EDAN F15 et F15 AIR";"actif";"hexamed";"Oui";"<p style=""text-align:justify;"">Papier pour <strong>cardiotocographes EDAN F15 et F15 AIR.</strong></p>
<p style=""text-align:justify;""><span style=""text-decoration:underline;""><strong><br /></strong></span>Liasse de 150 feuilles.</p>
<p style=""text-align:justify;""><span style=""text-decoration:underline;""><br />Dimensions :</span> 152 x 90 mm </p>
<p style=""text-align:justify;""><span style=""text-decoration:underline;""><br />Conditionnement :</span> à l'unité.</p>"
41;"Sac de transport pour cardiotocographes F15 et F15 AIR";"actif";"hexamed";"Oui";"<p><strong>Sac de transport avec trolley.</strong></p>
<p> </p>
<p><span style=""text-decoration:underline;"">Compatible avec les moniteurs foetaux :</span></p>
<p>- Luckcome LETO 8</p>
<p>- Luckcome LETO 9</p>
<p>- Jumper JPD-300PB</p>
<p>- Edan F2</p>
<p>- Edan F3</p>
<p>Egalement coimpatible avec l'<strong>ECG Edan modèle SE 1201</strong>.</p>
<p> </p>
<p><span style=""text-decoration:underline;"">Dimensions (sac uniquement:</span> l.54 x L.36 x H.14 cm </p>"