Boulanger Waziers;Boulanger Waziers;Actif;ZAC du bas terroir (Face leroy merlin);Route de tournai ( D917);59119;Waziers;50.39244909520177;3.1109861830810814;Societe;347384570 ;34738457001993 ;Prospect;;;;;;F007;Ouvert
Boulanger Cambrai;Boulanger Cambrai;Actif;Chemin de Marcoing;;59400;Cambrai;50.14764029367109;3.2191868399505665;Societe;347384570 ;34738457001167 ;Prospect;;;;;;F010;Ouvert
Boulanger Lens - Vendin Le Vieil;Boulanger Lens - Vendin Le Vieil;Actif;Centre Commercial Vendin 2;Rue Louis Blériot;62880;Vendin Le Vieil;50.46517328327591;2.829860210418701;Societe;347384570 ;34738457000730 ;Prospect;;;;;;F012;Ouvert
Boulanger Roncq;Boulanger Roncq;Actif;Centre Commercial Auchan 400 Rue de Roncq;;59200;Tourcoing;50.7386322654377;3.139498710632324;Societe;347384570 ;34738457001092 ;Prospect;;;;;;F015;Ouvert
Boulanger Valenciennes - Petite Foret;Boulanger Valenciennes - Petite Foret;Actif;Centre Commercial Auchan;;59494;Petite Foret;50.380551215205095;3.4773584179687305;Societe;347384570 ;34738457001498 ;Prospect;;;;;;F017;Ouvert
Boulanger Grande-Synthe;Boulanger Grande-Synthe;Actif;Centre Commercial Auchan Flandres Littoral;Route de Spycker;59760;Grande Synthe;51.00710420607305;2.2831931114196777;Societe;347384570 ;34738457001696 ;Prospect;;;;;;F018;Ouvert
Boulanger Saint Martin Boulogne;Boulanger Saint Martin Boulogne;Actif;Centre Commercial Auchan R.N. 42;;62200;St Martin Boulogne;50.73294473428918;1.669748100880497;Societe;347384570 ;34738457000888 ;Prospect;;;;;;F019;Ouvert
Boulanger Noyelles-Godault;Boulanger Noyelles-Godault;Actif;Centre Commercial Auchan R.N. 43;;62950;Noyelles-Godault;50.40902253671121;2.9794454167022195;Societe;347384570 ;34738457001126 ;Prospect;;;;;;F020;Ouvert
Boulanger Englos;Boulanger Englos;Actif;Centre Commercial Englos;;59320;Sequedin;50.62703724500506;2.9691720104980277;Societe;347384570 ;34738457000821 ;Prospect;;;;;;F022;Ouvert
Boulanger Bethune;Boulanger Bethune;Actif;Centre Commercial Auchan;rue de la rotonde;62400;Bethune;50.52453619374388;2.629115885505712;Societe;347384570 ;34738457000102 ;Prospect;;;;;;F023;Ouvert
Boulanger Compiegne;Boulanger Compiegne;Actif;Centre Commercial de Jaux Venette 63 rue des Métiers;;60880;Jaux;49.4053955078125;2.78392791748047;Societe;347384570 ;34738457001308 ;Prospect;;;;;;F030;Ouvert
Boulanger Villeneuve D'Ascq (V2);Boulanger Villeneuve D'Ascq (V2);Actif;1 avenue de l'avenir;;59650;Villeneuve D Ascq;50.61715388113099;3.1242266047546536;Societe;347384570 ;34738457000573 ;Prospect;;;;;;F031;Ouvert
Boulanger Leers;Boulanger Leers;Actif;1 avenue de l'Europe;Centre Commercial Auchan;59115;Leers;50.68200399845642;3.222973030688536;Societe;347384570 ;34738457000326 ;Prospect;;;;;;F033;Ouvert
Boulanger St Quentin;Boulanger St Quentin;Actif;Parc d'activité commercial RN 29;;2100;Fayet;49.867919921875;3.25126647949219;Societe;347384570 ;34738457001399 ;Prospect;;;;;;F034;Ouvert
Boulanger Amiens;Boulanger Amiens;Actif;29 avenue de Grèce;Centre Commercial Vallée des vignes;80090;Amiens;49.86713669596437;2.280683994293213;Societe;347384570 ;34738457000649 ;Prospect;;;;;;F035;Ouvert
Boulanger St Omer;Boulanger St Omer;Actif;Avenue des frais fonds;;62510;Arques;50.73252433024374;2.2756010611296915;Societe;347384570 ;34738457001548 ;Prospect;;;;;;F040;Ouvert
Boulanger Faches -Thumesnil;Boulanger Faches -Thumesnil;Actif;Centre Commercial Auchan Faches;Rue de l'Egalité;59155;Faches-Thumesnil;50.585133167598464;3.0861533646526595;Societe;347384570 ;34738457001514 ;Prospect;;;;;;F041;Ouvert
Boulanger Paris Beaugrenelle;Boulanger Paris Beaugrenelle;Actif;Angle rue St Charles / Avenue Émile Zola;;75015;Paris;48.84638171788407;2.285049606151574;Societe;347384570 ;34738457002066 ;Prospect;;;;;;F100;Ouvert
Boulanger Tarbes;Boulanger Tarbes;Actif;Zone commerciale du Méridien;;65420;Ibos;43.237555249832425;0.018793781875615423;Societe;347384570 ;34738457002272 ;Prospect;;;;;;F102;Ouvert
Boulanger Sarcelles;Boulanger Sarcelles;Actif;Centre Commercial MY PLACE Avenue de la division Leclerc;;95200;Sarcelles;48.98631329322679;2.3754820823669433;Societe;347384570 ;34738457001779 ;Prospect;;;;;;F106;Ouvert
Boulanger Claye Souilly;Boulanger Claye Souilly;Actif;ZA Les Sablons - Rue Jean Monnet;Derrière CASTORAMA;77410;Claye Souilly;48.94899974710526;2.663334846496582;Societe;347384570 ;34738457001191 ;Prospect;;;;;;F109;Ouvert
Boulanger Thiais;Boulanger Thiais;Actif;39 rue de la résistance;;94320;Thiais;48.75732421875;2.38792419433594;Societe;347384570 ;34738457001415 ;Prospect;;;;;;F114;Ouvert
Boulanger Villiers Sur Marne;Boulanger Villiers Sur Marne;Actif;1 bis, boulevard Jean Monnet;ZAC des Portes de Villiers;94350;Villiers Sur Marne;48.83503497755948;2.542383356414007;Societe;347384570 ;34738457001423 ;Prospect;;;;;;F115;Ouvert
Boulanger Montevrain;Boulanger Montevrain;Actif;Le Clos du Chêne, Avenue de la ferme Briarde;;77144;Montevrain;48.85603175439986;2.7547988891601562;Societe;347384570 ;34738457001431 ;Prospect;;;;;;F116;Ouvert
Boulanger Creteil;Boulanger Creteil;Actif;97 Avenue du Maréchal Foch;Carrefour Pompadour;94000;Creteil;48.7801513671875;2.43766021728516;Societe;347384570 ;34738457001456 ;Prospect;;;;;;F117;Ouvert
Boulanger Saint-Doulchard;Boulanger Saint-Doulchard;Actif;1185 Route d'Orléans;;18230;Saint-Doulchard;47.11530898725813;2.374630331993103;Societe;347384570 ;34738457001605 ;Prospect;;;;;;F118;Ouvert
Boulanger Coignieres;Boulanger Coignieres;Actif;Centre Commercial Les portes de Chevreuse;RN 10;78310;Coignieres;48.75300133221845;1.9323757117614377;Societe;347384570 ;34738457001555 ;Prospect;;;;;;F119;Ouvert
Boulanger Paris Opera;Boulanger Paris Opera;Actif;30 boulevard des capucines;;75009;Paris;48.87018417997149;2.328103951520575;Societe;347384570 ;34738457001969 ;Prospect;;;;;;F120;Ouvert
Boulanger Paris Rosa Parks;Boulanger Paris Rosa Parks;Actif;179 Boulevard MacDonald;;75019;Paris;48.89837567489148;2.376401076057391;Societe;347384570 ;34738457001712 ;Prospect;;;;;;F121;Ouvert
Boulanger Reims - Thillois;Boulanger Reims - Thillois;Actif;ZAC de Thillois Nord;(face IKEA);51370;Thillois;49.25602978411356;3.969275175376879;Societe;347384570 ;34738457001795 ;Prospect;;;;;;F122;Ouvert
Boulanger Marseille - La Valentine;Boulanger Marseille - La Valentine;Actif;117 Centre Commercial Grand V - traverse de la Montre;;13011;Marseille;43.2952880859375;5.47575378417969;Societe;392327607 ;39232760700116 ;Prospect;;;;;;F123;Ouvert
Boulanger Vitrolles - Grand Vitrolles;Boulanger Vitrolles - Grand Vitrolles;Actif;RN 113;Centre Cial Grand Vitrolles Quartier du Griffon;13127;Vitrolles;43.43135741417175;5.261839866638184;Societe;392327607 ;39232760700041 ;Prospect;;;;;;F126;Ouvert
Boulanger Dijon - La Toison D'Or;Boulanger Dijon - La Toison D'Or;Actif;RN 74 - CC la;Niveau haut - Voie Georges Pompidou;21000;Dijon;47.35795719679979;5.050602161901907;Societe;392327607 ;39232760700157 ;Prospect;;;;;;F127;Ouvert
Boulanger Rennes Centre;Boulanger Rennes Centre;Actif;11 Rue de La Visitation;Centre Cial La Visitation;35000;Rennes;48.114444429164834;-1.679002285003662;Societe;392327607 ;39232760700363 ;Prospect;;;;;;F131;Ouvert
Boulanger Tours - St Pierre Des Corps;Boulanger Tours - St Pierre Des Corps;Actif;Centre Cial Les Atlantes ;;37700;Saint Pierre Des Corps;47.3897705078125;0.722478866577148;Societe;392327607 ;39232760700066 ;Prospect;;;;;;F132;Ouvert
Boulanger Orleans - Saran;Boulanger Orleans - Saran;Actif;Rue André Marie Ampère;Centre Cial Cap Saran RN 20;45770;Saran;47.9658097266692;1.886033535003662;Societe;392327607 ;39232760700025 ;Prospect;;;;;;F133;Ouvert
Boulanger Reims - Cormontreuil;Boulanger Reims - Cormontreuil;Actif;2, avenue des Goisses;Zone Ciale «Les Blancs Monts»;51350;Cormontreuil;49.21505410142408;4.057772755622864;Societe;392327607 ;39232760700272 ;Prospect;;;;;;F135;Ouvert
Boulanger Nancy - Frouard;Boulanger Nancy - Frouard;Actif;"1 rue du Saule Gaillard - Espace Commercial ""Grand Air""";(Face au Magasin LECLERC);54390;Frouard;48.7452137;6.149839400000019;Societe;392327607 ;39232760700199 ;Prospect;;;;;;F136;Ouvert
Boulanger Nancy - Vandoeuvre;Boulanger Nancy - Vandoeuvre;Actif;9 Boulevard Barthou;;54500;Vandoeuvre;48.6679415;6.1889777000000095;Societe;392327607 ;39232760700033 ;Prospect;;;;;;F137;Ouvert
Boulanger Metz Metzanine;Boulanger Metz Metzanine;Actif;Avenue Sébastopol;Centre Commercial Metzanine;57070;Metz;49.109810575579985;6.233691074096669;Societe;392327607 ;39232760700280 ;Prospect;;;;;;F138;Ouvert
Boulanger Strasbourg - Vendenheim;Boulanger Strasbourg - Vendenheim;Actif;34 Route de Strasbourg;;67550;Vendenheim;48.65876773430928;7.72143846761719;Societe;392327607 ;39232760700108 ;Prospect;;;;;;F141;Ouvert
Boulanger Lyon - Carré De Soie;Boulanger Lyon - Carré De Soie;Actif;2 rue Jacquard;CARRÉ DE SOIE;69120;Vaulx En Velin;45.764622411164005;4.92365018434748;Societe;392327607 ;39232760700306 ;Prospect;;;;;;F144;Ouvert
Boulanger Lyon - Les Cordeliers;Boulanger Lyon - Les Cordeliers;Actif;6 place des Cordeliers;;69002;Lyon;45.76343439872998;4.838091626983669;Societe;392327607 ;39232760700132 ;Prospect;;;;;;F145;Ouvert
Boulanger Annecy Seynod;Boulanger Annecy Seynod;Actif;Centre commercial Arcal'Oz;55 Boulevard Costa de Beauregard;74600;Annecy Seynod;45.87844628785321;6.097254514694214;Societe;392327607 ;39232760700298 ;Prospect;;;;;;F147;Ouvert
Boulanger Poitiers - Porte Sud;Boulanger Poitiers - Porte Sud;Actif;Avenue du 8 Mai 1945;Centre Commercial « Poitiers Porte Sud »;86000;Poitiers;46.5557014;0.30834409999999934;Societe;392327607 ;39232760700314 ;Prospect;;;;;;F153;Ouvert
Boulanger Domus - Rosny Sous Bois;Boulanger Domus - Rosny Sous Bois;Actif;16, rue de Lisbonne;Centre Cial Domus;93110;Rosny-Sous-Bois;48.88145263684562;2.471554756164551;Societe;392327607 ;39232760700405 ;Prospect;;;;;;F159;Ouvert
Boulanger Ivry Sur Seine;Boulanger Ivry Sur Seine;Actif;30 Bd Paul Vaillant Couturier;Centre Commercial « Quais d’Ivry »;94200;Ivry Sur Seine;48.81934672996592;2.3972749105896582;Societe;392327607 ;39232760700330 ;Prospect;;;;;;F160;Ouvert
Boulanger Eragny Sur Oise;Boulanger Eragny Sur Oise;Actif;1 Rue du Bas Noyer;Centre Commercial Art de Vivre;95610;Eragny Sur Oise;49.031731194431686;2.102597981753547;Societe;392327607 ;39232760700264 ;Prospect;;;;;;F162;Ouvert
Boulanger Villefranche Sur Saône;Boulanger Villefranche Sur Saône;Actif;1820 Route de Frans;;69400;Villefranche sur Saône;45.9828842;4.7442186000000675;Societe;347384570 ;34738457002025 ;Prospect;;;;;;F167;Ouvert
Boulanger Publier;Boulanger Publier;Actif;Rue du Cartheray;Zone commerciale du Publier (à côté de Cora);74500;Publier;46.38985725657187;6.5204264857055705;Societe;347384570 ;34738457002355 ;Prospect;;;;;;F168;Ouvert
Boulanger Montigny Les Cormeilles;Boulanger Montigny Les Cormeilles;Actif;Bd Victor Bordier face à Leroy Merlin;;95370;Montigny Les Cormeilles;48.99360593920157;2.197007489965813;Societe;347384570 ;34738457000540 ;Prospect;;;;;;F173;Ouvert
Boulanger Les Clayes-Sous-Bois;Boulanger Les Clayes-Sous-Bois;Actif;Centre Commercial Alpha Park Avenue Henri Barbusse;Magasin situé à côté d'IKEA - Parking Gratuit;78340;Les Clayes Sous Bois;48.82797165487739;1.9694784375732297;Societe;347384570 ;34738457001340 ;Prospect;;;;;;F175;Ouvert
Boulanger Melun - Cesson;Boulanger Melun - Cesson;Actif;RD 306 (Nationale 6) - Rue du Bois des Saint-Pères;Espace Maisonément Boissénart;77240;Cesson;48.5827137292234;2.6039621829986572;Societe;347384570 ;34738457001480 ;Prospect;;;;;;F176;Ouvert
Boulanger Mantes Buchelay;Boulanger Mantes Buchelay;Actif;6, Rue de l'Aveyron ZAC des Closeaux Face à Leroy Merlin;;78200;Mantes La Jolie;48.9873516886131;1.6762054441528562;Societe;347384570 ;34738457000565 ;Prospect;;;;;;F178;Ouvert
Boulanger Massy;Boulanger Massy;Actif;Centre Commercial CORA (Voie de Briis);Accès par l'A86, la N118, l'A6, l'A10 et la N20;91300;Massy;48.7247314453125;2.27383422851562;Societe;347384570 ;34738457000631 ;Prospect;;;;;;F181;Ouvert
Boulanger Lognes;Boulanger Lognes;Actif;Allée des palombes;Centre Commercial Valorée;77185;Lognes;48.83209390511617;2.6402039068343583;Societe;347384570 ;34738457000680 ;Prospect;;;;;;F182;Ouvert
Boulanger Pontault-Combault;Boulanger Pontault-Combault;Actif;Centre Commercial;;77340;Pontault-Combault;48.77654340192322;2.5886294178467324;Societe;347384570 ;34738457001837 ;Prospect;;;;;;F183;Ouvert
Boulanger Osny;Boulanger Osny;Actif;Centre Commercial de L'Oseraie;;95520;Osny;49.07577287196118;2.077176094055176;Societe;347384570 ;34738457000904 ;Prospect;;;;;;F184;Ouvert
Boulanger Troyes;Boulanger Troyes;Actif;Avenue du Général de Gaulle;Centre Commercial E. Leclerc;10410;Saint Parres Aux Tertres;48.29806318716338;4.128547668457031;Societe;347384570 ;34738457000805 ;Prospect;;;;;;F185;Ouvert
Boulanger Creil;Boulanger Creil;Actif;ZAC du bois des fenêtres;;60740;St Maximin;49.2218017578125;2.44940185546875;Societe;347384570 ;34738457000912 ;Prospect;;;;;;F188;Ouvert
Boulanger Ste Genevieve Des Bois;Boulanger Ste Genevieve Des Bois;Actif;17 rue des Petits Champs;;91700;Sainte Genevieve Des Bois;48.62212190708254;2.345341682434082;Societe;347384570 ;34738457001522 ;Prospect;;;;;;F189;Ouvert
Boulanger Orgeval;Boulanger Orgeval;Actif;Chemin aux boeufs -  route des 40 sous;;78630;Orgeval;48.9286118988953;1.9839259703445578;Societe;347384570 ;34738457001043 ;Prospect;;;;;;F191;Ouvert
Boulanger Gennevilliers;Boulanger Gennevilliers;Actif;112 Avenue du Général de Gaulle;"Parc des ""Chanteraines""";92230;Gennevilliers;48.93370986380684;2.3169659552947905;Societe;347384570 ;34738457001332 ;Prospect;;;;;;F192;Ouvert
Boulanger Angoulême - Champniers;Boulanger Angoulême - Champniers;Actif;ZAC des Montagnes Ouest;;16430;Champniers;45.68983375480929;0.17276899975581728;Societe;347384570 ;34738457002041 ;Prospect;;;;;;F195;Ouvert
Boulanger Libourne;Boulanger Libourne;Actif;116 avenue du général de gaulle;Centre commercial Carrefour;33500;Libourne Bordeaux;44.900020866879;-0.21891376403198137;Societe;347384570 ;34738457000797 ;Prospect;;;;;;F203;Ouvert
Boulanger Nantes Rezé;Boulanger Nantes Rezé;Actif;Rue Marc Elder;Zone Commerciale Atout Sud;44400;Rezé;47.1950705108174;-1.5725074983947707;Societe;347384570 ;34738457000201 ;Prospect;;;;;;F204;Ouvert
Boulanger Bordeaux - Le Lac;Boulanger Bordeaux - Le Lac;Actif;avenue des 40 journaux;Centre Commercial Auchan BORDEAUX Lac;33300;Bordeaux;44.87801029440827;-0.5678085632174543;Societe;347384570 ;34738457000151 ;Prospect;;;;;;F205;Ouvert
Boulanger Bordeaux - Merignac;Boulanger Bordeaux - Merignac;Actif;2, Rue Jacques Anquetil;;33700;Merignac;44.830695810445114;-0.6590616666869664;Societe;347384570 ;34738457000144 ;Prospect;;;;;;F206;Ouvert
Boulanger Nantes Atlantis - St Herblain;Boulanger Nantes Atlantis - St Herblain;Actif;Centre Commercial Leclerc;A côté de Décathlon;44800;St Herblain;47.22326940394091;-1.6278400421142578;Societe;347384570 ;34738457000516 ;Prospect;;;;;;F208;Ouvert
Boulanger Toulouse - Portet Sur Garonne;Boulanger Toulouse - Portet Sur Garonne;Actif;Boulevard de l'Europe;Centre Commercial Carrefour Grand Portet;31120;Portet Sur Garonne;43.531538248094016;1.4031908512115479;Societe;347384570 ;34738457001886 ;Prospect;;;;;;F209;Ouvert
Boulanger Montauban;Boulanger Montauban;Actif;Zone Futuropole Aussonne;;82000;Montauban;44.038920452071125;1.38527061862942;Societe;347384570 ;34738457001282 ;Prospect;;;;;;F213;Ouvert
Boulanger Nantes Paridis;Boulanger Nantes Paridis;Actif;"Centre Commercial Leclerc ""Paridis""";Route de PARIS;44300;Nantes;47.24813417732291;-1.513176887796817;Societe;347384570 ;34738457000524 ;Prospect;;;;;;F214;Ouvert
Boulanger Vannes;Boulanger Vannes;Actif;Espace Kerthomas;;56000;Vannes;47.66304706409207;-2.7956165316863917;Societe;347384570 ;34738457001100 ;Prospect;;;;;;F215;Ouvert
Boulanger Saint Brieuc;Boulanger Saint Brieuc;Actif;2, rue Jacques Cartier;Zone Commerciale CARREFOUR;22360;Langueux;48.494140625;-2.71444702148438;Societe;347384570 ;34738457000839 ;Prospect;;;;;;F216;Ouvert
Boulanger Caen Mondeville;Boulanger Caen Mondeville;Actif;Centre Commercial Carrefour;;14120;Mondeville;49.1619934852406;-0.2942987431945312;Societe;347384570 ;34738457001720 ;Prospect;;;;;;F217;Ouvert
Boulanger La Roche Sur Yon;Boulanger La Roche Sur Yon;Actif;41, rue Yitzhac Rabin;ROUTE DE NANTES;85000;La Roche Sur Yon;46.692138671875;-1.42996597290039;Societe;347384570 ;34738457001738 ;Prospect;;;;;;F219;Ouvert
Boulanger  Angers Atoll;Boulanger  Angers Atoll;Actif;Centre commercial Atoll;Ecoparc du buisson;49070;Beaucouze;47.48502677230513;-0.6276912689208984;Societe;347384570 ;34738457001811 ;Prospect;;;;;;F220;Ouvert
Boulanger Pau - Lescar;Boulanger Pau - Lescar;Actif;Rue Flandres-Dunkerque - RN 117;ZAC Monhauba;64230;Lescar;43.32089546289086;-0.435448403179862;Societe;347384570 ;34738457000755 ;Prospect;;;;;;F222;Ouvert
Boulanger Rennes - Chantepie;Boulanger Rennes - Chantepie;Actif;Parc d'activité Rocade Sud - Allée de Guerlédan;Face à Leroy Merlin;35135;Chantepie;48.08472519200993;-1.633474349975586;Societe;347384570 ;34738457000813 ;Prospect;;;;;;F223;Ouvert
Boulanger Le Mans;Boulanger Le Mans;Actif;154 rue Louis Delage;ZA Nord;72650;La Chapelle St Aubin;48.038102461004264;0.1706256866455078;Societe;347384570 ;34738457001084 ;Prospect;;;;;;F224;Ouvert
Boulanger Lorient;Boulanger Lorient;Actif;Zone de Kérulvé - C.Cial Carrefour;17 rue de l'étang;56100;Lorient;47.76847640048291;-3.3957151568054087;Societe;347384570 ;34738457001829 ;Prospect;;;;;;F227;Ouvert
Boulanger Bordeaux Villenave D'Ornon;Boulanger Bordeaux Villenave D'Ornon;Actif;Rue Lino VENTURA;;33140;Bordeaux-Villenave D Ornon;44.78995883625464;-0.5275602340698242;Societe;347384570 ;34738457001068 ;Prospect;;;;;;F236;Ouvert
Boulanger Cholet;Boulanger Cholet;Actif;24 rue des Pagannes;Centre Commercial Carrefour;49300;Cholet;47.073839711237504;-0.8477063179016113;Societe;347384570 ;34738457001001 ;Prospect;;;;;;F238;Ouvert
Boulanger Poitiers - Chasseneuil Du Poitou;Boulanger Poitiers - Chasseneuil Du Poitou;Actif;12 Bis Allée du Haut Poitou;Portes du futur;86360;Chasseneuil Du Poitou;46.6487050504273;0.36006574615021236;Societe;347384570 ;34738457001183 ;Prospect;;;;;;F242;Ouvert
Boulanger Colomiers - Toulouse;Boulanger Colomiers - Toulouse;Actif;Rue Marie Curie;ZAC du Perget;31770;Colomiers;43.60968258082417;1.3091473042907182;Societe;347384570 ;34738457001357 ;Prospect;;;;;;F244;Ouvert
Boulanger St Nazaire trignac;Boulanger St Nazaire trignac;Actif;Rue des Aigrettes;Centre Commercial Gand Large Auchan;44570;St Nazaire / Trignac;47.29324646263292;-2.2113475799560547;Societe;347384570 ;34738457001381 ;Prospect;;;;;;F245;Ouvert
Boulanger Chambray Les Tours - Tours Sud;Boulanger Chambray Les Tours - Tours Sud;Actif;108 Avenue du grand Sud;;37170;Chambray Les Tours;47.3387451171875;0.703994750976562;Societe;347384570 ;34738457001407 ;Prospect;;;;;;F252;Ouvert
Boulanger Toulon - La Garde;Boulanger Toulon - La Garde;Actif;156 Avenue De Draguignan;Carrefour des 4 chemins Z.I. Toulon Est;83130;La Garde;43.13804970658374;6.027464151382446;Societe;347384570 ;34738457001449 ;Prospect;;;;;;F253;Ouvert
Boulanger Brest;Boulanger Brest;Actif;105, rue Pierre Jakez Hélias;Les portes de Brest-Guipavas-Le Froutven;29490;Guipavas;48.41555460763598;-4.437508870361398;Societe;347384570 ;34738457001464 ;Prospect;;;;;;F256;Ouvert
Boulanger Toulouse- Saint Orens;Boulanger Toulouse- Saint Orens;Actif;1 bis allée des Champs Pinsons;Face au centre commercial Leclerc;31650;Saint Orens De Gameville;43.5640384;1.5169316999999864;Societe;347384570 ;34738457001472 ;Prospect;;;;;;F257;Ouvert
Boulanger Béziers;Boulanger Béziers;Actif;155 rue Jean Bruller dit Vercors;C/C GEANT CASINO DE MONTIMARAN;34500;Beziers;43.34335281250269;3.259534447360238;Societe;347384570 ;34738457001571 ;Prospect;;;;;;F260;Ouvert
Boulanger Chalon-Sur-Saone;Boulanger Chalon-Sur-Saone;Actif;2 rue René Cassin;Centre Commercial Châlon 2 Sud;71100;Chalon-Sur-Saone;46.78076171875;4.85394287109375;Societe;347384570 ;34738457001597 ;Prospect;;;;;;F263;Ouvert
Boulanger Aubiere;Boulanger Aubiere;Actif;10, rue des Chazots;;63170;Aubiere;45.75114139999999;3.1346997000000556;Societe;347384570 ;34738457001613 ;Prospect;;;;;;F265;Ouvert
Boulanger Annemasse;Boulanger Annemasse;Actif;53 route de Thonon;Centre Commercial Géant;74100;Annemasse;46.19490925475406;6.256267786026001;Societe;347384570 ;34738457001670 ;Prospect;;;;;;F266;Ouvert
Boulanger Limoges;Boulanger Limoges;Actif;30 rue Amédée Gordini;Centre Commercial Family Village;87000;Limoges;45.896244998373575;1.2796759317382111;Societe;347384570 ;34738457001688 ;Prospect;;;;;;F267;Ouvert
Boulanger Barentin;Boulanger Barentin;Actif;R.N. 15;Zone Commerciale Mesnil Roux;76360;Barentin;49.53158228385867;0.9703178405761719;Societe;347384570 ;34738457001704 ;Prospect;;;;;;F268;Ouvert
Boulanger Perigueux - Trelissac;Boulanger Perigueux - Trelissac;Actif;C. Cial La Feuilleraie;LD le moulin des Mounards;24750;Trelissac;45.18838860433012;0.7634888146972116;Societe;347384570 ;34738457001654 ;Prospect;;;;;;F269;Ouvert
Boulanger Biganos - Arcachon;Boulanger Biganos - Arcachon;Actif;"Centre commercial ""Les Portes du Delta""";5 rue Louis Nicolas Robert;33380;Biganos;44.63499379882129;-0.9595725395920454;Societe;347384570 ;34738457001647 ;Prospect;;;;;;F270;Ouvert
Boulanger La Rochelle Angoulins;Boulanger La Rochelle Angoulins;Actif;Espace Commercial d'Angoulins;;17690;ANGOULINS;46.10075437326752;-1.0958404541015625;Societe;347384570 ;34738457001662 ;Prospect;;;;;;F271;Ouvert
Boulanger Le Havre - Montivilliers;Boulanger Le Havre - Montivilliers;Actif;Avenue du Maréchal Foch;C.Cial Grand Havre - La Lézarde;76290;Montivilliers;49.52254359319816;0.1917681439331318;Societe;347384570 ;34738457001761 ;Prospect;;;;;;F272;Ouvert
Boulanger Auxerre;Boulanger Auxerre;Actif;Rue Bronislaw Geremek;ZAC Les Clairions;89000;Auxerre;47.815700778931095;3.5670995712280273;Societe;347384570 ;34738457001746 ;Prospect;;;;;;F273;Ouvert
Boulanger Perpignan;Boulanger Perpignan;Actif;Centre commercial Porte d'ESPAGNE Le Mas Galté;En face de Leroy Merlin;66000;Perpignan;42.668761311311904;2.8791992887634023;Societe;347384570 ;34738457001787 ;Prospect;;;;;;F274;Ouvert
Boulanger Rivesaltes;Boulanger Rivesaltes;Actif;Rue Henri Chretien;Parc d'Activité Commerciale;66600;Rivesaltes;42.77436695219502;2.907033920288086;Societe;347384570 ;34738457001753 ;Prospect;;;;;;F275;Ouvert
Boulanger Puget-Sur-Argens;Boulanger Puget-Sur-Argens;Actif;Z.A. La Tuilière - RN7;EN FACE HYPERMARCHE CARREFOUR;83480;Puget-Sur-Argens;43.442698371246024;6.702791090087885;Societe;347384570 ;34738457001860 ;Prospect;;;;;;F276;Ouvert
Boulanger Agen;Boulanger Agen;Actif;Parc commercial O’Green;ZAC Lamothe Magnac - 2 Rue J. Lacroix;47550;Boe;44.17839034629416;0.6287358227370987;Societe;347384570 ;34738457001951 ;Prospect;;;;;;F277;Ouvert
Boulanger Chambéry;Boulanger Chambéry;Actif;1253 Avenue des Landiers;Centre commercial Chamnord;73000;Chambery;45.594363;5.899624;Societe;347384570 ;34738457001977 ;Prospect;;;;;;F278;Ouvert
Boulanger Chasse-Sur-Rhone;Boulanger Chasse-Sur-Rhone;Actif;1799 avenue Frédéric Mistral;Centre commercial Chasse Sud;38670;Chasse-Sur-Rhône;45.573349;4.810658200000034;Societe;347384570 ;34738457001944 ;Prospect;;;;;;F279;Ouvert
Boulanger Niort;Boulanger Niort;Actif;1 Rue Jean Baptiste Colbert;Espace Mendes France 2;79000;Niort;46.3380254;-0.40703770000004624;Societe;347384570 ;34738457001936 ;Prospect;;;;;;F286;Ouvert
Boulanger Nice;Boulanger Nice;Actif;Centre commercial Nice One - Stade de Nice Allianz Riviera;Rue Alain Mimoun;6200;Nice;43.704679228613905;7.194309697292283;Societe;347384570 ;34738457002058 ;Prospect;;;;;;F287;Ouvert
Boulanger Anglet;Boulanger Anglet;Actif;77 Avenue de Bayonne;Centre Commercial Géant Casino Anglet;64600;Anglet;43.48495627663006;-1.50276980000001;Societe;347384570 ;34738457002033 ;Prospect;;;;;;F289;Ouvert
Boulanger Toulouse - Fenouillet;Boulanger Toulouse - Fenouillet;Actif;Espace Fenouillet,centre commercial Géant, Rue des Usines;;31150;Fenouillet;43.6932630278796;1.400459289410378;Societe;347384570 ;34738457001985 ;Prospect;;;;;;F300;Ouvert
Boulanger Beynost;Boulanger Beynost;Actif;Centre Ccial Lerclerc;ZAC des Baterses;1700;Beynost;45.82349231311377;4.999166488647461;Societe;347384570 ;34738457001365 ;Prospect;;;;;;F307;Ouvert
Boulanger Limonest;Boulanger Limonest;Actif;Route Nationale 6;Le Puy d'Or;69760;Limonest;45.81854369741456;4.7712836265563965;Societe;347384570 ;34738457000235 ;Prospect;;;;;;F309;Ouvert
Boulanger Roanne;Boulanger Roanne;Actif;Rue  Alexandre Raffin;"Centre Commercial ""Saint Louis""";42300;Roanne;46.034423828125;4.07269287109375;Societe;347384570 ;34738457000722 ;Prospect;;;;;;F312;Ouvert
Boulanger Saint Egreve;Boulanger Saint Egreve;Actif;2, rue de la Trémouillère;"Centre Commercial Carrefour ""Cap 38""";38120;St Egreve;45.2389172;5.668123799999989;Societe;347384570 ;34738457000193 ;Prospect;;;;;;F313;Ouvert
Boulanger Grenoble Echirolles;Boulanger Grenoble Echirolles;Actif;ZONE COMMERCIALE Comboire;ROUTE DE SISTERON;38130;Echirolles;45.15003588079152;5.695675105651844;Societe;347384570 ;34738457000284 ;Prospect;;;;;;F314;Ouvert
Boulanger Saint Priest;Boulanger Saint Priest;Actif;Centre Commercial Auchan;ZAC Champ du Pont;69800;St Priest;45.722391646709326;4.921682834625244;Societe;347384570 ;34738457000110 ;Prospect;;;;;;F315;Ouvert
Boulanger Nimes Family Village;Boulanger Nimes Family Village;Actif;155 rue Paul Laurent;Family Village;30900;Nimes;43.8092936;4.364778399999977;Societe;347384570 ;34738457001894 ;Prospect;;;;;;F316;Ouvert
Boulanger Avignon - Le Pontet;Boulanger Avignon - Le Pontet;Actif;Centre Commercial Auchan;;84130;Le Pontet;43.98350610108409;4.87631893157959;Societe;347384570 ;34738457000599 ;Prospect;;;;;;F317;Ouvert
Boulanger Aubagne;Boulanger Aubagne;Actif;Centre Commercial Auchan;;13400;Aubagne;43.2978258838346;5.5915957142333355;Societe;347384570 ;34738457000698 ;Prospect;;;;;;F321;Ouvert
Boulanger Wittenheim - Mulhouse;Boulanger Wittenheim - Mulhouse;Actif;430 Rue de Nonnenbruch;;68270;Wittenheim;47.8046999;7.30860210000003;Societe;347384570 ;34738457001928 ;Prospect;;;;;;F322;Ouvert
Boulanger Plan De Campagne;Boulanger Plan De Campagne;Actif;ZONE COMMERCIALE PLAN DE CAMPAGNE;Axe Principal CD 6  - Face à Décathlon;13480;Cabries;43.41891708896908;5.364841047174082;Societe;347384570 ;34738457001290 ;Prospect;;;;;;F323;Ouvert
Boulanger Valence;Boulanger Valence;Actif;9 Rue André Boulle;"Centre Commercial ""Les Couleures""";26000;Valence;44.95247576254894;4.933011559829765;Societe;347384570 ;34738457000953 ;Prospect;;;;;;F325;Ouvert
Boulanger Mandelieu;Boulanger Mandelieu;Actif;ZI La Canardière RN 7;Face à Décathlon;6210;Mandelieu;43.55053070228675;6.947632789611816;Societe;347384570 ;34738457000979 ;Prospect;;;;;;F327;Ouvert
Boulanger Dijon - Quetigny;Boulanger Dijon - Quetigny;Actif;21 boulevard du Champ aux Métiers;Derrière Leroy Merlin;21800;Quetigny;47.3068374;5.09958400000005;Societe;347384570 ;34738457001233 ;Prospect;;;;;;F328;Ouvert
Boulanger Belfort Andelnans;Boulanger Belfort Andelnans;Actif;3 route de Montbéliard;;90400;Belfort Andelnans;47.606371175749224;6.859750747680664;Societe;347384570 ;34738457000961 ;Prospect;;;;;;F329;Ouvert
Boulanger Thionville - Terville;Boulanger Thionville - Terville;Actif;"avenue du 14 juillet 1789 ""Linkling 3""";Centre Commercial Leclerc;57180;Thionville-Terville;49.3465576171875;6.13534545898438;Societe;347384570 ;34738457000987 ;Prospect;;;;;;F331;Ouvert
Boulanger Macon;Boulanger Macon;Actif;RN6 Carrefour Georges Pompidou Mâcon sud;;71000;Macon;46.286816610099244;4.80961433976745;Societe;347384570 ;34738457001019 ;Prospect;;;;;;F332;Ouvert
Boulanger Villars;Boulanger Villars;Actif;ZAC de Montravel;Centre Commercial AUCHAN;42390;Villars;45.467605090531016;4.342666375549356;Societe;347384570 ;34738457001035 ;Prospect;;;;;;F334;Ouvert
Boulanger Metz - Augny;Boulanger Metz - Augny;Actif;Actisud Z.A.C. d’Augny 2000;;57685;Augny;49.07910502084273;6.105784272369419;Societe;347384570 ;34738457001142 ;Prospect;;;;;;F336;Ouvert
Boulanger Besançon;Boulanger Besançon;Actif;Rue Guillaume Apollinaire;CC GEANT CASINO - ZAC de Châteaufarine;25000;Besançon;47.21418895892272;5.944845714927624;Societe;347384570 ;34738457001563 ;Prospect;;;;;;F337;Ouvert
Boulanger L'Isle D'Abeau;Boulanger L'Isle D'Abeau;Actif;10, rue des Sayes;ZAC de Saint Hubert / Centre Commercial de L’Isle d’Abeau;38080;L'Isle D'Abeau;45.61333187219199;5.23114870356585;Societe;347384570 ;34738457001134 ;Prospect;;;;;;F338;Ouvert
Boulanger Italie 2 - Pop up Store;Boulanger Italie 2 - Pop up Store;Actif;30 Avenue d'Italie;Centre Commercial Italie 2;75013;Paris;48.82861464208156;2.355417709786934;Societe;347384570 ;34738457002330 ;Prospect;;;;;;F522;Ouvert
Ouverture prochaine : Bourg en Bresse;Ouverture prochaine : Bourg en Bresse;Inactif;Centre commercial du Carrefour de l'Europe;Boulevard Irène Joliot Curie;1000;Bourg-en-Bresse;46.20864623278871;5.23621155211481;Societe;347384570 ;34738457002363 ;Prospect;;;;;;F524;Fermé
Boulanger Vélizy 2;Boulanger Vélizy 2;Actif;2 Avenue de l'Europe;;78140;Vélizy-Villacoublay;48.78064025451598;2.2202625055399494;Societe;347384570 ;34738457002322 ;Prospect;;;;;;F596;Ouvert
Boulanger Le Comptoir Merlimont;Boulanger Le Comptoir Merlimont;Actif;447 Rue Auguste Biblocq;;62155;Merlimont;50.4520885;1.615288200000009;Societe;347384570 ;34738457002090 ;Prospect;;;;;;F945;Ouvert
Boulanger Le Comptoir Wasquehal;Boulanger Le Comptoir Wasquehal;Actif;18 avenue du grand cottignies;Face Ccial Carrefour, à côté de Tape à l'oeil;59290;Wasquehal;50.683135675330696;3.126339912414551;Societe;347384570 ;34738457002280 ;Prospect;;;;;;F947;Ouvert
Boulanger Le Comptoir Amiens;Boulanger Le Comptoir Amiens;Actif;4 place Alphonse Fiquet;A côté de la gare SNCF;80000;Amiens;49.89043350000001;2.3066751000000068;Societe;347384570 ;34738457002298 ;Prospect;;;;;;F949;Ouvert
Boulanger Le Comptoir Rouen;Boulanger Le Comptoir Rouen;Inactif;50 rue Saint-Lô;;76000;Rouen;49.442859;1.091940;Societe;347384570 ;34738457002397 ;Prospect;;;;;;F952;Fermé